<?xml version="1.0" encoding="utf-8"?>
<!DOCTYPE datafile PUBLIC "-//Logiqx//DTD ROM Management Datafile//EN" "http://www.logiqx.com/Dats/datafile.dtd">
<datafile>
	<header>
		<name>cdi</name>
		<description>CD-i CD-ROMs</description>
		<version></version>
		<author></author>
	</header>
	<machine name="bestphoto92">
		<description>From The Associated Press: The Best of Photo Journalism</description>
		<year>1993</year>
		<publisher>XDRA Ltd. ~ Asia CD Ltd.</publisher>
		<disk name="from the associated press - the best of photo journalism (1993)[dvc]" sha1="c8eb407a10916be732e9fa10c198dce1a277e525" />
	</machine>
	<machine name="billbrandt">
		<description>Bill Brandt: The Picture Post Years 1938-1951</description>
		<year>1993</year>
		<publisher>XDRA Ltd.</publisher>
		<disk name="bill brandt - the picture post years 1938-1951 (1993)(xdra ltd.)[dvc]" sha1="58d3e9bc147bb3cf698586c9942027bb7a783e9e" />
	</machine>
	<machine name="cdischools">
		<description>CD-i in Schools</description>
		<year>1994</year>
		<publisher>Scottish Interactive Technology Centre</publisher>
		<disk name="cd-i in schools (1994)(scottish interactive technology centre)[dvc]" sha1="08ad14f7559a3be8a65091bdc1b015b7a7ab21fc" />
	</machine>
	<machine name="depression">
		<description>Depression - The Search For The NaSSA (NL)</description>
		<year>1993</year>
		<publisher>N.V. Organon</publisher>
		<disk name="depression - the search for the nassa (1993)(n.v. organon)(nl)[dvc]" sha1="5ba1b7f5defaf1e8e1876e64042d3f610d2b1118" />
	</machine>
	<machine name="gettinga2">
		<description>Getting Ahead - Making Time (Euro, reprint)</description>
		<year>1995</year>
		<publisher>XDRA Ltd. ~ Temple Millar Multimedia</publisher>
		<disk name="getting ahead - making time (reprint)(1995)(temple millar multimedia - xdra)(eu)[cd-i-pc]" sha1="fcf77ca56c8b33a2032c7c3108eb542e586b3c78" />
	</machine>
	<machine name="nijmegen">
		<description>Nijmegen 'n rijk aan mogelijkheden (NL)</description>
		<year>1994</year>
		<publisher>Harlon Publishing</publisher>
		<disk name="nijmegen 'n rijk aan mogelijkheden (1994)(harlon publishing)(nl)[dvc]" sha1="7387afeb526764ca2ad7f49cc2d181f769bbda12" />
	</machine>
	<machine name="paranasalcdi">
		<description>Paranasal Sinuses &amp; Anterior Skull Base</description>
		<year>1993</year>
		<publisher>Elsevier Science B.V.</publisher>
		<disk name="paranasal sinuses &amp; anterior skull base (1993)(elsevier science b.v.)(cd-i disc)" sha1="79df7a6d6773bb42647b32c198869b6a4b9c3c52" />
	</machine>
	<machine name="peaches">
		<description>Peaches</description>
		<year>1995</year>
		<publisher>Icontact Multimedia Limited</publisher>
		<disk name="peaches (1995)(icontact multimedia limited)[dvc]" sha1="df00e53db21f8f924569a9b842c9dd1f4bb608b3" />
	</machine>
	<machine name="sinnaneun2">
		<description>Sinnaneun Susjanala 2 (KR)</description>
		<year>1993</year>
		<publisher>SKC Limited</publisher>
		<disk name="sinnaneun susjanala 2 (1993)(skc limited)(kr)" sha1="398e6a0e5e02e50a67db325c9fdf893647cbb165" />
	</machine>
	<machine name="ulijayeongwa">
		<description>Ulihamkke Bulleoyo - Jayeongwa Hamkke (KR)</description>
		<year>1993</year>
		<publisher>SKC Limited</publisher>
		<disk name="ulihamkke bulleoyo - jayeongwa hamkke (1993)(skc limited)(kr)" sha1="64e69cd4fc4c71d8cdddd65465da2646a3cb434a" />
	</machine>
</datafile>