<?xml version="1.0" encoding="utf-8"?>
<!DOCTYPE datafile PUBLIC "-//Logiqx//DTD ROM Management Datafile//EN" "http://www.logiqx.com/Dats/datafile.dtd">
<datafile>
	<header>
		<name>fmtowns_cd</name>
		<description>Fujitsu FM Towns CD-ROMs</description>
		<version></version>
		<author></author>
	</header>
	<machine name="dyneng2b">
		<description>Dynamic English 2 - Basic</description>
		<year>1991</year>
		<publisher>ダインエドジャパン (DynEd Japan)</publisher>
		<disk name="dynamic english 2 - basic (japan) (disc 1)" sha1="70306cc6c13c2100fcec2fda629e95073b738dff" />
	</machine>
	<machine name="dyneng3ub">
		<description>Dynamic English 3 - Upper Basic</description>
		<year>1991</year>
		<publisher>ダインエドジャパン (DynEd Japan)</publisher>
		<disk name="dynamic english 3 - upper basic (japan) (disc 1) (version 1.0)" sha1="0c50213706c1508dbc7d6e63d8371faefc9fd80e" />
	</machine>
	<machine name="highlt20">
		<description>Highlight CD 20</description>
		<year>1993</year>
		<publisher>富士通 (Fujitsu)</publisher>
		<disk name="highlight cd 20 (disc 1)" sha1="a0ef91dca608cbc40207b2e84ccdec862de949eb" />
		<disk name="highlight cd 20 (disc 2)" sha1="955cf09e0e6789cc24eb804622513313ff92a310" />
	</machine>
	<machine name="hypaquak">
		<description>Hyper Aquarium - Kaisui-hen</description>
		<year>1992</year>
		<publisher>インターリミテッドロジック (Inter Limited Logic)</publisher>
		<disk name="hyper aquarium - kaisui-hen (japan)" sha1="c6b705c9f8e81aaea49e8eb4c3060cd2b388b62a" />
	</machine>
	<machine name="hypaquat">
		<description>Hyper Aquarium - Tansui-hen</description>
		<year>1992</year>
		<publisher>インターリミテッドロジック (Inter Limited Logic)</publisher>
		<disk name="hyper aquarium - tansui-hen (japan)" sha1="fa5df399ef25bb0dbfe304e915160f2a1a88d918" />
	</machine>
	<machine name="igoyabu">
		<description>Igo Doujou Yaburi - Menkyo Kaiden!! Mezase 7-kyuu</description>
		<year>1990</year>
		<publisher>富士通OA (Fujitsu OA)</publisher>
		<disk name="igo doujou yaburi (japan)" sha1="bda0e95f336bfaaf13ecce27606561fb7e9b46b4" />
	</machine>
	<machine name="jleag94">
		<description>J.League 1994 Professional Soccer</description>
		<year>1994</year>
		<publisher>ビクター音楽産業 (Victor Musical Industries)</publisher>
		<disk name="japan professional football league - j.league 1994 professional soccer (japan)" sha1="72b221b297ed968a4bbb8a3925a5e8ab073e55f6" />
	</machine>
	<machine name="mastercd2">
		<description>Master CD - Fresh Series-you</description>
		<year>1994</year>
		<publisher>富士通 (Fujitsu)</publisher>
		<disk name="master cd - fresh series-you (japan)" sha1="4a3a0ad499a8bc2f77b7af44a8ef78f51b5a52d9" />
	</machine>
	<machine name="meikyoku">
		<description>Meikyoku Master (FM Towns Marty version)</description>
		<year>1993</year>
		<publisher>富士通大分ソフトウェアラボラトリ (Fujitsu Ooita Software Laboratory)</publisher>
		<disk name="meikyoku master (japan) (fm towns marty)" sha1="7d40b881218625c45100a35a40e1bc86c1159dff" />
	</machine>
	<machine name="ncrown1">
		<description>Hyper Eigo Gakushuu System - New Crown English Series 1</description>
		<year>1993</year>
		<publisher>内田洋行 (Uchida Youkou)</publisher>
		<disk name="hyper eigo gakushuu system - new crown english series 1 (japan) (rev a)" sha1="237fcc96575d78a27e849ec07c101684e408dd03" />
	</machine>
	<machine name="nihongo1">
		<description>Nihongo Nyuumon Dai-1-kan - Fundamental Japanese</description>
		<year>1991</year>
		<publisher>インフォーテック (Infortech)</publisher>
		<disk name="nihongo nyuumon dai-1-kan - fundamental japanese (japan)" sha1="794eaf0895b6d590945bc26e684e56a8edff047e" />
	</machine>
	<machine name="nihonrse">
		<description>Nihon no Rekishi - Sengoku-hen - Oda Nobunaga</description>
		<year>1990</year>
		<publisher>CRI</publisher>
		<disk name="nihon no rekishi - sengoku-hen - oda nobunaga (japan)" sha1="8c67cd9205d5d28f115be5aa2bda9577260f1a7c" />
	</machine>
	<machine name="okitgear">
		<description>Okiraku TownsGEAR</description>
		<year>1994</year>
		<publisher>ソフトバンク (SoftBank)</publisher>
		<disk name="okiraku townsgear (japan)" sha1="a9c781218324c388ff31c0b6ed514f83fa133d92" />
	</machine>
	<machine name="ongaku56">
		<description>FM Towns Shougaku Ongaku (5-6-nensei-you)</description>
		<year>1991</year>
		<publisher>教育出版 (Kyouiku Shuppan)</publisher>
		<disk name="shougaku ongaku (5-6-nensei-you) (japan) (rev a)" sha1="43d3f3af5529ed6c5b4ea52c1fa1971cd65a2001" />
	</machine>
	<machine name="oshacook">
		<description>Oshare Cooking</description>
		<year>1989</year>
		<publisher>ミサワホーム総合研究所 (Misawa Home Sougou Kenkyuusho)</publisher>
		<disk name="oshare cooking (japan) (rev a)" sha1="5d0cb03cd7c2aa86805001de2c0dccf17ae3dbc5" />
	</machine>
	<machine name="planedge">
		<description>Planet's Edge</description>
		<year>1993</year>
		<publisher>ビング (Ving)</publisher>
		<disk name="dream on bang2 project (japan)" sha1="d576aeb5737c63644852c41b1cdab5316e3f0b4f" />
	</machine>
	<machine name="postman">
		<description>CRI Postman</description>
		<year>1990</year>
		<publisher>CRI</publisher>
		<disk name="cri postman (japan)" sha1="f0c55c9d2e156ab43e4b00745d0889fbcc042dee" />
	</machine>
	<machine name="sangoku2">
		<description>Sangokushi II</description>
		<year>1990</year>
		<publisher>光栄 (Koei)</publisher>
		<disk name="sangokushi ii (japan)" sha1="f85c7dd00594c2061de3ecff376960ad1e7dc71a" />
	</machine>
	<machine name="simcity">
		<description>SimCity (HMB-121A)</description>
		<year>1992</year>
		<publisher>富士通 (Fujitsu)</publisher>
		<disk name="simcity (japan) (en,ja) (rev a)" sha1="481515a5053b9540666293482de5102f74a155a7" />
	</machine>
	<machine name="steepia">
		<description>Steepia</description>
		<year>1993</year>
		<publisher>富士通 (Fujitsu)</publisher>
		<disk name="steepia (japan)" sha1="196fce1343f9db195bb197d01bd114e7600629b6" />
	</machine>
	<machine name="touchmus">
		<description>Touch the Music by Casiopea</description>
		<year>1994</year>
		<publisher>富士通 (Fujitsu)</publisher>
		<disk name="touch the music by casiopea (japan)" sha1="983684515a021eaa1b350ebb250977e773951d79" />
	</machine>
	<machine name="tpaint21">
		<description>TownsPAINT V1.1 L21</description>
		<year>1990</year>
		<publisher>富士通 (Fujitsu)</publisher>
		<disk name="towns paint v1.1 l21 (japan)" sha1="7e4f01c6ba8ae56670c40a954456578f5474dbe0" />
	</machine>
	<machine name="uwaki">
		<description>Uwaki na Anata - Switch o Irete</description>
		<year>1994</year>
		<publisher>エイチオーピー (HOP)</publisher>
		<disk name="uwaki na anata - switch o irete (japan)" sha1="3897df054019f7d1bd839452398783b89f1d950f" />
	</machine>
	<machine name="zak">
		<description>Zak McKracken and The Alien Mindbenders</description>
		<year>1991</year>
		<publisher>富士通 (Fujitsu)</publisher>
		<disk name="zak mckracken and the alien mindbenders (japan) (en,ja) (rev a)" sha1="b815f0592ae756a58cf5b8bd34b630b55279c6e9" />
	</machine>
</datafile>