<?xml version="1.0" encoding="utf-8"?>
<!DOCTYPE datafile PUBLIC "-//Logiqx//DTD ROM Management Datafile//EN" "http://www.logiqx.com/Dats/datafile.dtd">
<datafile>
	<header>
		<name>ibm5170_cdrom</name>
		<description>IBM PC/AT CD-ROM images</description>
		<version></version>
		<author></author>
	</header>
	<machine name="paranasalibm">
		<description>Paranasal Sinuses &amp; Anterior Skull Base</description>
		<year>1993</year>
		<publisher>Elsevier Science B.V.</publisher>
		<disk name="paranasal sinuses &amp; anterior skull base (1993)(elsevier science b.v.)(windows 3.1 disc)" sha1="fddedb4f78bc5687d65f11fd4e18463e1fc4edda" />
	</machine>
</datafile>