<?xml version="1.0" encoding="utf-8"?>
<!DOCTYPE datafile PUBLIC "-//Logiqx//DTD ROM Management Datafile//EN" "http://www.logiqx.com/Dats/datafile.dtd">
<datafile>
	<header>
		<name>arb</name>
		<description>ARB Modules</description>
		<version></version>
		<author></author>
	</header>
	<machine name="avelan">
		<description>Avelan</description>
		<year>198?</year>
		<publisher>AVE Micro Systems</publisher>
		<rom name="avelan.bin" size="4096" crc="01e713d1" sha1="a32e22de4d32fd0a97f8be6b5bc33d0c558aa323" />
	</machine>
</datafile>