<?xml version="1.0" encoding="utf-8"?>
<!DOCTYPE datafile PUBLIC "-//Logiqx//DTD ROM Management Datafile//EN" "http://www.logiqx.com/Dats/datafile.dtd">
<datafile>
	<header>
		<name>coco_flop</name>
		<description>Tandy Radio Shack Color Computer disk images</description>
		<version></version>
		<author></author>
	</header>
	<machine name="joust">
		<description>Joust (6809 Transcoded - v1.10) (512kb)</description>
		<year>2021</year>
		<publisher>Glen Hewlett</publisher>
		<rom name="joust.dsk" size="161280" crc="5a2437c0" sha1="72b3b88eef1f61cba8d43ed6a828a773c4c703f8" />
	</machine>
</datafile>