<?xml version="1.0" encoding="utf-8"?>
<!DOCTYPE datafile PUBLIC "-//Logiqx//DTD ROM Management Datafile//EN" "http://www.logiqx.com/Dats/datafile.dtd">
<datafile>
	<header>
		<name>fmtowns_flop_orig</name>
		<description>Fujitsu FM Towns original floppy disk images</description>
		<version></version>
		<author></author>
	</header>
	<machine name="hhunt01">
		<description>Houma Hunter Lime Dai-1-wa</description>
		<year>1993</year>
		<publisher>タケル (Takeru)</publisher>
		<rom name="houma_hunter_lime_vol_1_data_disk.hdm" size="1261568" crc="9d8e0b38" sha1="54cd9d1f6fefecc6dbb7904bbea45a234a5039f9" />
		<rom name="houma_hunter_lime_vol_1_system_disk.hdm" size="1261568" crc="833271c4" sha1="387dd004264a32ea92b301406d8b6e1ebb5c397c" />
	</machine>
	<machine name="hhunt02">
		<description>Houma Hunter Lime Dai-2-wa</description>
		<year>1993</year>
		<publisher>タケル (Takeru)</publisher>
		<rom name="houma_hunter_lime_vol_2_data_disk.hdm" size="1261568" crc="d62d6145" sha1="ced6035d7b6fc90de8d4f7f4c13128ce89bf2d13" />
		<rom name="houma_hunter_lime_vol_2_system_disk.hdm" size="1261568" crc="a2d64ff4" sha1="6151e3a2ac8d270d334dcd5c28b6fe9918109fa9" />
	</machine>
	<machine name="hhunt03">
		<description>Houma Hunter Lime Dai-3-wa</description>
		<year>1993</year>
		<publisher>タケル (Takeru)</publisher>
		<rom name="houma_hunter_lime_vol_3_data_disk.hdm" size="1261568" crc="18719a36" sha1="200fdc928c15ae0d04ec8a41e7929ece01026e6f" />
		<rom name="houma_hunter_lime_vol_3_system_disk.hdm" size="1261568" crc="1f162fd7" sha1="f95d0fbec2bac346a5551c34d84d00f7de76990f" />
	</machine>
	<machine name="kittyw2">
		<description>Kitty World 2</description>
		<year>1994</year>
		<publisher>タケル (Takeru)</publisher>
		<rom name="kitty_world_2.hdm" size="1261568" crc="31710048" sha1="ca8b9c6ff8c447e96cb6aad90a57a1b590e46fb7" />
	</machine>
	<machine name="metaleyesp">
		<description>Metal Eye Special Disk</description>
		<year>1993</year>
		<publisher>エルフ (Elf)</publisher>
		<rom name="metaleye_specialdisk_a.hdm" size="1261568" crc="eb9d07a3" sha1="f76dd0b4d6afb5f5c5322a67086d1929d5abace3" />
		<rom name="metaleye_specialdisk_b.hdm" size="1261568" crc="39f2a43d" sha1="74aa7df1c78c805f16959d7a2abaf3960058824f" />
	</machine>
	<machine name="sgamers3">
		<description>Sadistic Gamers Part-3 - Telephone Play</description>
		<year>1992</year>
		<publisher>&lt;doujin&gt;</publisher>
		<rom name="sadistic_gamers_part-3.hdm" size="1261568" crc="d1a470a8" sha1="6610289d5b48aa222ed8af398f7881ea14e48561" />
	</machine>
	<machine name="sgamers5">
		<description>Sadistic Gamers Part-5 - Burusera Play</description>
		<year>1994</year>
		<publisher>&lt;doujin&gt;</publisher>
		<rom name="sadistic_gamers_part-5.hdm" size="1261568" crc="a783f0a9" sha1="33d609c14afa750daa1eca3020586db14b14c7ac" />
	</machine>
</datafile>