<?xml version="1.0" encoding="utf-8"?>
<!DOCTYPE datafile PUBLIC "-//Logiqx//DTD ROM Management Datafile//EN" "http://www.logiqx.com/Dats/datafile.dtd">
<datafile>
	<header>
		<name>fmtowns_cd</name>
		<description>Fujitsu FM Towns CD-ROMs</description>
		<version></version>
		<author></author>
	</header>
	<machine name="amarant3">
		<description>Amaranth III</description>
		<year>1994</year>
		<publisher>風雅システム (Fuga System)</publisher>
		<rom name="amaranth_iii.hdm" size="1261568" crc="05955c2f" sha1="dd81ce76b439af9b93f7c524dce4dab12c31e728" />
	</machine>
	<machine name="dyneng3ub">
		<description>Dynamic English 3 - Upper Basic</description>
		<year>1991</year>
		<publisher>ダインエドジャパン (DynEd Japan)</publisher>
		<rom name="dynamic_english_3_upper_basic.hdm" size="1261568" crc="e1a17802" sha1="e68855807a82dfa02c09aeed3fdc67f9096092ce" />
	</machine>
	<machine name="hypnote">
		<description>Hyper Note</description>
		<year>1991</year>
		<publisher>ダットジャパン (Datt Japan)</publisher>
		<rom name="hyper_note.hdm" size="1261568" crc="985f94b6" sha1="af4704239151af3b1e80b528d11ad5d9198f99f3" />
	</machine>
	<machine name="ongaku56">
		<description>FM Towns Shougaku Ongaku (5-6-nensei-you)</description>
		<year>1991</year>
		<publisher>教育出版 (Kyouiku Shuppan)</publisher>
		<rom name="shougaku_ongaku_5-6.hdm" size="1261568" crc="bc8592f0" sha1="e831950f62852b978fab34dc92e8961265bcadbe" />
	</machine>
	<machine name="touchmus">
		<description>Touch the Music by Casiopea</description>
		<year>1994</year>
		<publisher>富士通 (Fujitsu)</publisher>
		<rom name="touch_the_music_key_disk.hdm" size="1261568" crc="36eb0122" sha1="5936f982ffb13e3dd14e0ae9a9cfc0213c9fc9ba" />
	</machine>
</datafile>