<?xml version="1.0" encoding="utf-8"?>
<!DOCTYPE datafile PUBLIC "-//Logiqx//DTD ROM Management Datafile//EN" "http://www.logiqx.com/Dats/datafile.dtd">
<datafile>
	<header>
		<name>gameboy</name>
		<description>Nintendo Game Boy cartridges</description>
		<version></version>
		<author></author>
	</header>
	<machine name="sarakon">
		<description>Sarakon (prototype)</description>
		<year>1992</year>
		<publisher>&lt;unknown&gt;</publisher>
		<rom name="sarakon (prototype).bin" size="131072" crc="c8c5f76f" sha1="09c0795e45b84e9d8d017d7d38f4806422d6ea23" />
	</machine>
</datafile>