<?xml version="1.0" encoding="utf-8"?>
<!DOCTYPE datafile PUBLIC "-//Logiqx//DTD ROM Management Datafile//EN" "http://www.logiqx.com/Dats/datafile.dtd">
<datafile>
	<header>
		<name>ibm5150</name>
		<description>IBM PC disk images</description>
		<version></version>
		<author></author>
	</header>
	<machine name="avoidnoid">
		<description>Avoid the Noid</description>
		<year>1989</year>
		<publisher>Sharedata</publisher>
		<rom name="Avoid the Noid [Sharedata] [1989] [5.25DD] [Disk 1 of 1].img" size="368640" crc="2ef0a65f" sha1="ffcb6b27f5aa6dfecdb50f293027be28726a8801" />
	</machine>
	<machine name="badblood35">
		<description>Bad Blood (3.5")</description>
		<year>1990</year>
		<publisher>Origin Systems</publisher>
		<rom name="Bad Blood [Origin] [1990] [3.5DD] [Disk 1 of 2] [Program-Intro Disks].img" size="737280" crc="829a936b" sha1="a53d20ede7665c1084c58e045f82ebef5f95a5ed" />
		<rom name="Bad Blood [Origin] [1990] [3.5DD] [Disk 2 of 2] [Map-Play Disks].img" size="737280" crc="992671da" sha1="f672ecc3fbdb161b8e633e105ea85f694450bdce" />
	</machine>
	<machine name="badblood">
		<description>Bad Blood (5.25")</description>
		<year>1990</year>
		<publisher>Origin Systems</publisher>
		<rom name="Bad Blood [Origin] [1990] [5.25DD] [Disk 1 of 4] [Program Disk].img" size="368640" crc="a577c8af" sha1="ea4c2fc589334b318b0eed2e0d32ceb81a7809b1" />
		<rom name="Bad Blood [Origin] [1990] [5.25DD] [Disk 2 of 4] [Intro Disk].img" size="368640" crc="6b331cc5" sha1="22e7454c311ee4221d93bd3f58067c68ce847916" />
		<rom name="Bad Blood [Origin] [1990] [5.25DD] [Disk 3 of 4] [Map Disk].img" size="368640" crc="e0dc7610" sha1="053fde9bb280bf158b69568d60b77721f260e0f5" />
		<rom name="Bad Blood [Origin] [1990] [5.25DD] [Disk 4 of 4] [Play Disk].img" size="368640" crc="86713f20" sha1="be83bb508f3da3742497412bf3fcec4473ebd5d1" />
	</machine>
	<machine name="billted">
		<description>Bill &amp; Ted's Excellent Adventure</description>
		<year>1990</year>
		<publisher>Capstone</publisher>
		<rom name="Bill and Ted's Excellent Adventure [Capstone] [1990] [5.25DD] [Disk 1 of 6].img" size="368640" crc="7218271c" sha1="1f5797819d6f09ddeb7ca2d261d9a71ff44dc5d6" />
		<rom name="Bill and Ted's Excellent Adventure [Capstone] [1990] [5.25DD] [Disk 2 of 6].img" size="368640" crc="96c50acc" sha1="5111a6b3b27c1283cd0f7008f5f8338f9e6d7638" />
		<rom name="Bill and Ted's Excellent Adventure [Capstone] [1990] [5.25DD] [Disk 3 of 6].img" size="368640" crc="7b60fbd1" sha1="0fe8bdb65fc593c755c237eff39f561973db740b" />
		<rom name="Bill and Ted's Excellent Adventure [Capstone] [1990] [5.25DD] [Disk 4 of 6].img" size="368640" crc="3fc86c4e" sha1="5e9b28c88ee661cfd7d2e48576a851711964ff64" />
		<rom name="Bill and Ted's Excellent Adventure [Capstone] [1990] [5.25DD] [Disk 5 of 6].img" size="368640" crc="38a9ce15" sha1="ae17b8b1f5f837974727ce34cf54cd8720b94962" />
		<rom name="Bill and Ted's Excellent Adventure [Capstone] [1990] [5.25DD] [Disk 6 of 6].img" size="368640" crc="7c17850a" sha1="e7224faf20cd314dbe523703e7bea8c82776fdfc" />
	</machine>
	<machine name="camelot">
		<description>Conquests of Camelot: The Search for the Grail (5.25")</description>
		<year>1990</year>
		<publisher>Sierra On-Line</publisher>
		<rom name="Conquests of Camelot [Sierra] [1990] [5.25DD] [Disk 01 of 10].img" size="368640" crc="3201c5c9" sha1="f03308b58469338ff00ff41509e3062e62b9dd30" />
		<rom name="Conquests of Camelot [Sierra] [1990] [5.25DD] [Disk 02 of 10].img" size="368640" crc="5c674283" sha1="8ef40784c68533b98f8cbf66f87d2785fdca4e86" />
		<rom name="Conquests of Camelot [Sierra] [1990] [5.25DD] [Disk 03 of 10].img" size="368640" crc="dd1cff8f" sha1="bbddf4f9e9c2512e5aac3006ad56c2490cc4864b" />
		<rom name="Conquests of Camelot [Sierra] [1990] [5.25DD] [Disk 04 of 10].img" size="368640" crc="671a054e" sha1="9e5a29baba72229295fe7106f36ea1b13999d3cf" />
		<rom name="Conquests of Camelot [Sierra] [1990] [5.25DD] [Disk 05 of 10].img" size="368640" crc="c2b14a8e" sha1="cb7c775da6365cee0aeaeb7ad155587e900ff0f0" />
		<rom name="Conquests of Camelot [Sierra] [1990] [5.25DD] [Disk 06 of 10].img" size="368640" crc="bd9cec6c" sha1="10e80ea9fbc6d474cd0f7116810d1d2fc1bc2e3f" />
		<rom name="Conquests of Camelot [Sierra] [1990] [5.25DD] [Disk 07 of 10].img" size="368640" crc="11575676" sha1="2acb7fcb0599156f0a8830d97f788b2b2838053b" />
		<rom name="Conquests of Camelot [Sierra] [1990] [5.25DD] [Disk 08 of 10].img" size="368640" crc="b67cce6d" sha1="7f43ea7307aa2c1793a9149b69a09fda4e281164" />
		<rom name="Conquests of Camelot [Sierra] [1990] [5.25DD] [Disk 09 of 10].img" size="368640" crc="96d24816" sha1="20f4802a8a1009a10225953fe6683055a9dab079" />
		<rom name="Conquests of Camelot [Sierra] [1990] [5.25DD] [Disk 10 of 10].img" size="368640" crc="172859d5" sha1="018dc616fbcd04221705d09ed279e5da8fa9361b" />
	</machine>
	<machine name="dawolfsa">
		<description>David Wolf: Secret Agent</description>
		<year>1989</year>
		<publisher>Dynamix</publisher>
		<rom name="David Wolf [Dynamix] [1989] [5.25DD] [Disk 1 of 5].img" size="368640" crc="6097503b" sha1="fedd11bc55cf92d58e09b61a36f14932c3dcec33" />
		<rom name="David Wolf [Dynamix] [1989] [5.25DD] [Disk 2 of 5].img" size="368640" crc="96179b64" sha1="662d20e699fce3bfd9468b3207f1101d7a24ab8f" />
		<rom name="David Wolf [Dynamix] [1989] [5.25DD] [Disk 3 of 5].img" size="368640" crc="cbbdf2a9" sha1="60ce9bc776bc4562ad7640e949dca358e1011f90" />
		<rom name="David Wolf [Dynamix] [1989] [5.25DD] [Disk 4 of 5].img" size="368640" crc="c0a998b1" sha1="a181f0c364db31a630643a8a74e029e5d26dd5b3" />
		<rom name="David Wolf [Dynamix] [1989] [5.25DD] [Disk 5 of 5].img" size="368640" crc="b1c92d22" sha1="d0d8a633da7ee135a65a1edc292bcc878e8c2515" />
	</machine>
	<machine name="emmanuel">
		<description>Emmanuelle: A Game of Eroticism</description>
		<year>1989</year>
		<publisher>Tomahawk</publisher>
		<rom name="Emmanuelle [Tomahawk] [1989] [3.5DD] [Disk 1 of 1].img" size="737280" crc="97a14df2" sha1="a4628163e0003e66e38eb58204d5f22b49c52fb5" />
	</machine>
	<machine name="feud">
		<description>Feud</description>
		<year>1988</year>
		<publisher>Mastertronic</publisher>
		<rom name="Feud [Mastertronic] [1988] [5.25] [Disk 1 of 1].img" size="184320" crc="44214687" sha1="ae7bc5d67a03faae25d6d3efabaa3f41b9915e3f" />
	</machine>
	<machine name="finorbit">
		<description>Final Orbit</description>
		<year>1990</year>
		<publisher>Innerprise</publisher>
		<rom name="Final Orbit [Innerprise] [1990] [5.25DD] [Disk 1 of 2] [Disk A].img" size="368640" crc="072224c2" sha1="70a93b27ded3ddde2f7bf2d1ea823f0577b7117f" />
		<rom name="Final Orbit [Innerprise] [1990] [5.25DD] [Disk 2 of 2] [Disk B].img" size="368640" crc="1877339d" sha1="fc57296543318b6c26faccb643ee6169bc61c01b" />
	</machine>
	<machine name="frontline">
		<description>Frontline</description>
		<year>1990</year>
		<publisher>Cases Computer Simulations</publisher>
		<rom name="Frontline [CCS] [1990] [3.5DD] [Disk 1 of 2] [Game Disk].img" size="737280" crc="8cd496df" sha1="f2789773cdf7cb3a586f34456e755276d1c60732" />
		<rom name="Frontline [CCS] [1990] [3.5DD] [Disk 2 of 2] [Scenario Disk].img" size="737280" crc="b01be6e3" sha1="8985e497160dcd9ae347aef0bac4b27b2f255945" />
	</machine>
	<machine name="hostage">
		<description>Hostage: Rescue Mission</description>
		<year>1989</year>
		<publisher>Mindscape</publisher>
		<rom name="Hostage [Mindscape] [1989] [5.25DD] [Disk 1 of 2].img" size="368640" crc="ff1ef909" sha1="d0dca47b336865bcc0ba01f97dc39cd0bade4ad6" />
		<rom name="Hostage [Mindscape] [1989] [5.25DD] [Disk 2 of 2].img" size="368640" crc="a78a4ea0" sha1="dfb13b9dfd87b96425cd6211b5b121bd88162308" />
	</machine>
</datafile>