<?xml version="1.0" encoding="utf-8"?>
<!DOCTYPE datafile PUBLIC "-//Logiqx//DTD ROM Management Datafile//EN" "http://www.logiqx.com/Dats/datafile.dtd">
<datafile>
	<header>
		<name>nes</name>
		<description>Nintendo Entertainment System cartridges</description>
		<version></version>
		<author></author>
	</header>
	<machine name="2lkbb">
		<description>2 in 1 - The Lion King &amp; Bomber Boy</description>
		<year>199?</year>
		<publisher>Super Games</publisher>
		<rom name="2-in-1 - the lion king, bomber boy.chr" size="524288" crc="789c0478" sha1="deb9f0b9d3e3b57809be4044e1dbda31f0e24d9d" status="baddump" />
		<rom name="2-in-1 - the lion king, bomber boy.prg" size="524288" crc="5039aca5" sha1="f0162e3788b6be5d46cd47af6f6ce0cd6c6514d0" status="baddump" />
	</machine>
	<machine name="2uzilght">
		<description>2 in 1 Uzi Lightgun</description>
		<year>199?</year>
		<publisher>Micro Genius</publisher>
		<rom name="2-in-1 uzi lightgun (mgc-002).chr" size="262144" crc="609035fd" sha1="309fddfd18f55d9d73fabfd0788bb8b92065c607" status="baddump" />
		<rom name="2-in-1 uzi lightgun (mgc-002).prg" size="262144" crc="7349c91a" sha1="00d0c7a423b9c8c18974022c619d9f3084c4fd8d" status="baddump" />
	</machine>
	<machine name="highwayw">
		<description>Highway Star (Whirlwind Manu bootleg)</description>
		<year>19??</year>
		<publisher>Whirlwind Manu</publisher>
		<rom name="highway star (whirlwind manu).prg" size="131072" crc="8f4ae8aa" sha1="ce4851d8f89cacb212ef645f20201c2634f7253a" status="baddump" />
	</machine>
	<machine name="mc_1moly">
		<description>Olympic 2000 1000000 in 1</description>
		<year>19??</year>
		<publisher>&lt;pirate&gt;</publisher>
		<rom name="olympic 2000 1000000-in-1.chr" size="65536" crc="452deb94" sha1="b209e2fa2ba8f11545fe07e7fd69961cf0658d63" status="baddump" />
		<rom name="olympic 2000 1000000-in-1.prg" size="131072" crc="968749d1" sha1="c4db50e4608413f05ee2e8857e526b7d55513a5a" status="baddump" />
	</machine>
	<machine name="mc_4hq">
		<description>4 in 1 HQ</description>
		<year>19??</year>
		<publisher>&lt;pirate&gt;</publisher>
		<rom name="4-in-1 hq.chr" size="32768" crc="5a1b3ed8" sha1="b3ecce305bcd1494bdba6df1044cfd67759b7bf7" status="baddump" />
		<rom name="4-in-1 hq.prg" size="131072" crc="f4a72781" sha1="d7c235b7c72116c304eb57e286fcb5210d2be1d7" status="baddump" />
	</machine>
	<machine name="mc_4jy21">
		<description>1997 Super HiK 4 in 1 (JY-021)</description>
		<year>1997</year>
		<publisher>J.Y. Company</publisher>
		<rom name="1997 super hik 4-in-1 (jy-021).chr" size="524288" crc="4a797d16" sha1="e7cf3951f727913aa94dd702e1d5c48e19976bb9" status="baddump" />
		<rom name="1997 super hik 4-in-1 (jy-021).prg" size="524288" crc="a609e2f0" sha1="27bfcd42d267cfa9a1d0bcbca1a6b0065a9352d9" status="baddump" />
	</machine>
	<machine name="mc_4jy22">
		<description>1995 Super HiK 4 in 1 (JY-022)</description>
		<year>1995</year>
		<publisher>J.Y. Company</publisher>
		<rom name="1995 super hik 4-in-1 (jy-022).chr" size="524288" crc="7e83958f" sha1="ce0d958db917d8fb648db34e85e79dbad515d9f2" status="baddump" />
		<rom name="1995 super hik 4-in-1 (jy-022).prg" size="524288" crc="22536920" sha1="64697df47dccdfc66609dc501c27ef321fcae9d5" status="baddump" />
	</machine>
	<machine name="mc_4jy51">
		<description>1996 Super HiK 4 in 1 (JY-051)</description>
		<year>1996</year>
		<publisher>J.Y. Company</publisher>
		<rom name="1996 super hik 4-in-1 (jy-051).chr" size="524288" crc="20303ae8" sha1="3a7fa6feb1b2083987357db9fdf0222d76e2b964" status="baddump" />
		<rom name="1996 super hik 4-in-1 (jy-051).prg" size="524288" crc="c936c92b" sha1="f0f66c30b06e980659dd757724ffe4fad5e01494" status="baddump" />
	</machine>
	<machine name="mc_4z203">
		<description>4 in 1 (0203)</description>
		<year>19??</year>
		<publisher>&lt;pirate&gt;</publisher>
		<rom name="4-in-1 (0203).chr" size="65536" crc="e22f8b0a" sha1="5e0b19c39bcb8aa5439341494d14c369a95a85a4" status="baddump" />
		<rom name="4-in-1 (0203).prg" size="131072" crc="4956fd6e" sha1="474f9f0ca650454143180639d6b37f868d629863" status="baddump" />
	</machine>
	<machine name="mc_4z207">
		<description>4 in 1 (0207)</description>
		<year>19??</year>
		<publisher>&lt;pirate&gt;</publisher>
		<rom name="4-in-1 (0207).chr" size="65536" crc="d459a1bd" sha1="370718204adef32d8145e4f6e27febd45140b7c1" status="baddump" />
		<rom name="4-in-1 (0207).prg" size="131072" crc="c6727881" sha1="46f2b3e5088193810ef673eb75faaae96664c203" status="baddump" />
	</machine>
	<machine name="mc_4z210">
		<description>4 in 1 (0210)</description>
		<year>19??</year>
		<publisher>&lt;pirate&gt;</publisher>
		<rom name="4-in-1 (0210).chr" size="65536" crc="0fa2f60e" sha1="a96457085ec249b6ca4c258b030bdc646ff2cedc" status="baddump" />
		<rom name="4-in-1 (0210).prg" size="131072" crc="23276fb8" sha1="73fb2a277b0532e09f50ec5cc5d7cf5c99327479" status="baddump" />
	</machine>
	<machine name="mc_5m">
		<description>5000000 in 1 (JPx72)</description>
		<year>19??</year>
		<publisher>&lt;pirate&gt;</publisher>
		<rom name="5000000-in-1 (jpx72).prg" size="524288" crc="a831426d" sha1="93c6a3eff4c120e6837639af272f3142be5b0e1d" status="baddump" />
	</machine>
	<machine name="mc_6a17">
		<description>1994 Super HiK 6 in 1 (A-017)</description>
		<year>1994</year>
		<publisher>&lt;pirate&gt;</publisher>
		<rom name="1994 super hik 6-in-1 (a-017).prg" size="655360" crc="d7c794d9" sha1="1ec64b3162a75a12f33a3e2b88c345e18121290b" status="baddump" />
	</machine>
	<machine name="mc_6j202">
		<description>1997 Super 6 in 1 (JY-202)</description>
		<year>1997</year>
		<publisher>J.Y. Company</publisher>
		<rom name="1997 super 6-in-1 (jy-202).chr" size="524288" crc="1d7fbd76" sha1="0507c7faf786760c9d23e69293f7a098dc429f67" status="baddump" />
		<rom name="1997 super 6-in-1 (jy-202).prg" size="524288" crc="8e0fbb39" sha1="b39be158a396d5200593146348258835a603c647" status="baddump" />
	</machine>
	<machine name="mc_7j201">
		<description>1997 Super 7 in 1 (JY-201)</description>
		<year>1997</year>
		<publisher>J.Y. Company</publisher>
		<rom name="1997 super 7-in-1 (jy-201).chr" size="524288" crc="2bd6a3b9" sha1="e05518cfc75c87a2ac1148c86459bcbfd9b8de0f" status="baddump" />
		<rom name="1997 super 7-in-1 (jy-201).prg" size="524288" crc="9cbd3e46" sha1="22fc415f12784577f001cc869099646fca44cb36" status="baddump" />
	</machine>
	<machine name="mc_7j203">
		<description>1997 Super 7 in 1 (JY-203)</description>
		<year>1997</year>
		<publisher>J.Y. Company</publisher>
		<rom name="1997 super 7-in-1 (jy-203).chr" size="524288" crc="6a07ab58" sha1="7987431bf7f6cb2bf5d66243477ac719e1c2ea27" status="baddump" />
		<rom name="1997 super 7-in-1 (jy-203).prg" size="524288" crc="e6f92fb4" sha1="7aaf73138354ee1ccc4820b4f7583fdeadcc85e3" status="baddump" />
	</machine>
	<machine name="mc_7j204">
		<description>1997 Super 7 in 1 (JY-204)</description>
		<year>1997</year>
		<publisher>J.Y. Company</publisher>
		<rom name="1997 super 7-in-1 (jy-204).chr" size="524288" crc="b40d4712" sha1="6b2302f8f8e4798a242f7944976dacbb13bb00bb" status="baddump" />
		<rom name="1997 super 7-in-1 (jy-204).prg" size="524288" crc="709fd021" sha1="75c7861c574187e866a41750fefc3207f4da3ab7" status="baddump" />
	</machine>
	<machine name="mc_7j205">
		<description>1997 Super 7 in 1 (JY-205)</description>
		<year>1997</year>
		<publisher>J.Y. Company</publisher>
		<rom name="1997 super 7-in-1 (jy-205).chr" size="524288" crc="7adad667" sha1="c0d5719dd545af977cef7c425567207c2056954b" status="baddump" />
		<rom name="1997 super 7-in-1 (jy-205).prg" size="524288" crc="469c347c" sha1="38743af3e494f33f0a974b8c8c8df901d93df226" status="baddump" />
	</machine>
	<machine name="mc_7j206">
		<description>1997 Super 7 in 1 (JY-206)</description>
		<year>1997</year>
		<publisher>J.Y. Company</publisher>
		<rom name="1997 super 7-in-1 (jy-206).chr" size="524288" crc="02f10803" sha1="d8bc4e1fbbd14fc2279036df87bad148d2c27204" status="baddump" />
		<rom name="1997 super 7-in-1 (jy-206).prg" size="524288" crc="1ffec616" sha1="2e8c2d51fa28d460ce03620eac2b5de33bcb4215" status="baddump" />
	</machine>
	<machine name="mc_7jy15">
		<description>7 in 1 1993 Chess Series (JY-015)</description>
		<year>1993</year>
		<publisher>J.Y. Company</publisher>
		<rom name="7-in-1 1993 chess series (jy-015).chr" size="131072" crc="9161bb42" sha1="948b1ffcc923de38dd1b60c69a189ca807571e17" status="baddump" />
		<rom name="7-in-1 1993 chess series (jy-015).prg" size="524288" crc="031145a4" sha1="8e3ac6091b56f1232b215ff71570511f73a5f60a" status="baddump" />
	</machine>
	<machine name="mc_8jy41">
		<description>Donkey Kong 8 in 1 (JY-041)</description>
		<year>1996</year>
		<publisher>J.Y. Company</publisher>
		<rom name="8-in-1 (jy-041).chr" size="524288" crc="001b4bdf" sha1="7137baecda227bfebc2e810e9a4bef6d7fcb9eb7" status="baddump" />
		<rom name="8-in-1 (jy-041).prg" size="524288" crc="7e7b1450" sha1="628fb99349060e21cd3e0b8386619018e470d438" status="baddump" />
	</machine>
	<machine name="mc_8sv">
		<description>Super 8 in 1 (Supervision menu)</description>
		<year>199?</year>
		<publisher>&lt;pirate&gt;</publisher>
		<rom name="u1.prg" size="32768" crc="0336a65a" sha1="a3cc32158e3997b12e38988dcc6295c0610e9009" />
		<rom name="u2.prg" size="524288" crc="f9b3b492" sha1="dfb64f4d2b8336d1ea5d304461b4c049a6dab018" />
		<rom name="u3.prg" size="524288" crc="f1a344a8" sha1="7311d1f107085b33208084cad7bde9047aa23903" />
		<rom name="u4.prg" size="524288" crc="688e9442" sha1="b7d293358ffca7ec8b9398b1a78abe98ef56522f" />
		<rom name="u10.prg" size="524288" crc="05c893e1" sha1="c9f1648eab7ec1b8d226dfae3dd2a0cab1daaf29" />
	</machine>
	<machine name="mc_9jw">
		<description>9 in 1 (Journey to the West)</description>
		<year>199?</year>
		<publisher>&lt;pirate&gt;</publisher>
		<rom name="9-in-1.prg" size="1048576" crc="c41b19ac" sha1="ca6a70dff922864e53cfd37689b073c647b67097" status="baddump" />
	</machine>
	<machine name="mc_9tech">
		<description>9 in 1</description>
		<year>199?</year>
		<publisher>&lt;pirate&gt;</publisher>
		<rom name="9-in-1.chr" size="524288" crc="46cfa6fa" sha1="ed79cc1ad7696d73a197dd179dbe104918587ade" status="baddump" />
		<rom name="9-in-1.prg" size="524288" crc="cff59dab" sha1="ca74c4f097703813e1fce6e56e12a77f4b031e81" status="baddump" />
	</machine>
	<machine name="mc_9x7kd">
		<description>9999999 in 1 (KD-6037-B)</description>
		<year>19??</year>
		<publisher>&lt;pirate&gt;</publisher>
		<rom name="9999999-in-1 (kd-6037-b).chr" size="65536" crc="3b1bc341" sha1="5dc10cede705d1b0cc41dec5f0f0adbeefe6f0bf" status="baddump" />
		<rom name="9999999-in-1 (kd-6037-b).prg" size="131072" crc="355f6bda" sha1="0e2614ad754c40151113ffbe8665a1743935a1c9" status="baddump" />
	</machine>
	<machine name="mc_9x7ps">
		<description>Prima Soft 9999999-in-1 (02 8807870-3)</description>
		<year>19??</year>
		<publisher>&lt;pirate&gt;</publisher>
		<rom name="prima soft 9999999-in-1 (02 8807870-3)(unl)[u].prg" size="131072" crc="4ce757db" sha1="8a46630e3c44aa745ced33c2a526e173ff102f76" status="baddump" />
	</machine>
	<machine name="mc_11a42">
		<description>11 in 1 (A-042)</description>
		<year>19??</year>
		<publisher>&lt;pirate&gt;</publisher>
		<rom name="11-in-1 (a-042).prg" size="1048576" crc="77e9ee96" sha1="e4b61c2da62d2854e3ab3ac4e27edc4af68e646c" status="baddump" />
	</machine>
	<machine name="mc_14ntd">
		<description>14 in 1 (NTDEC)</description>
		<year>1988</year>
		<publisher>NTDEC</publisher>
		<rom name="14-in-1 (ntdec).chr" size="131072" crc="29fc5d0e" sha1="1ce3d2be76674fc77f50f71628e3740e5491bd85" status="baddump" />
		<rom name="14-in-1 (ntdec).prg" size="262144" crc="24aebe85" sha1="ba0d04564c4e95b997426815b7cda88e76f4239d" status="baddump" />
	</machine>
	<machine name="mc_35hm">
		<description>35 in 1 (HM5511)</description>
		<year>19??</year>
		<publisher>&lt;pirate&gt;</publisher>
		<rom name="35-in-1 (hm5511) [p1][u].chr" size="65536" crc="10852729" sha1="53b9a1ec244a85bd0c9585b05ddc68cc52dc4c22" status="baddump" />
		<rom name="35-in-1 (hm5511) [p1][u].prg" size="131072" crc="1df62cd7" sha1="3d7a103eb07fd939a053aa6f54532030cb3b4971" status="baddump" />
	</machine>
	<machine name="mc_63gb">
		<description>Ghostbusters 63 in 1</description>
		<year>19??</year>
		<publisher>&lt;unknown&gt;</publisher>
		<rom name="63-in-1 (ghostbusters63in1) [p1][u].prg0" size="524288" crc="64750df8" sha1="cfc6bd97c38061e344e37a2ce5d46d703fc1ee77" status="baddump" />
		<rom name="63-in-1 (ghostbusters63in1) [p1][u].prg2" size="524288" crc="d01373cf" sha1="f26875339384d3700a9493d7044eb67fbc709c7b" status="baddump" />
		<rom name="63-in-1 (ghostbusters63in1) [p1][u].prg3" size="524288" crc="561d4e03" sha1="170a43555a0883f18edc97d806430abbeec6bc83" status="baddump" />
	</machine>
	<machine name="mc_68hm">
		<description>68 in 1 (HM5511)</description>
		<year>19??</year>
		<publisher>&lt;pirate&gt;</publisher>
		<rom name="68-in-1 (hm5511) [p1][u].chr" size="65536" crc="90ee9ab8" sha1="f3432c7d5330bd26dbebf7e32cfdc16c68f02d44" status="baddump" />
		<rom name="68-in-1 (hm5511) [p1][u].prg" size="131072" crc="c3008f57" sha1="64cc33defb3371d99a6d76c623676ac6386cef4b" status="baddump" />
	</machine>
	<machine name="mc_80kd6">
		<description>80 in 1 (KD-6096)</description>
		<year>19??</year>
		<publisher>&lt;pirate&gt;</publisher>
		<rom name="80-in-1 (kd-6096).chr" size="65536" crc="d62122d8" sha1="04f4a77dcac49b82e43b3ed905e7f32c9d14e82c" status="baddump" />
		<rom name="80-in-1 (kd-6096).prg" size="131072" crc="f033812c" sha1="11cd7a66aaf708a7822f21e3dcc0c0029af67c52" status="baddump" />
	</machine>
	<machine name="mc_s190">
		<description>Super 190 in 1</description>
		<year>19??</year>
		<publisher>&lt;pirate&gt;</publisher>
		<rom name="super 190-in-1.chr" size="1048576" crc="47abdc9f" sha1="289ae7628687dc4b370adee42f3a97034ce6ed2b" status="baddump" />
		<rom name="super 190-in-1.prg" size="2097152" crc="8dae13b2" sha1="cd36b113a0091666621c3248601ae5ca33d0605d" status="baddump" />
	</machine>
	<machine name="mc_sh8g2">
		<description>1993 Super HiK 8 in 1 (G-002)</description>
		<year>1993</year>
		<publisher>&lt;pirate&gt;</publisher>
		<rom name="1993 super hik 8-in-1 (g-002).chr" size="524288" crc="aed5ac3c" sha1="342f804a753fbcaccebd0094f151183b62356dd1" status="baddump" />
		<rom name="1993 super hik 8-in-1 (g-002).prg" size="1048576" crc="7d53f79d" sha1="7bbd6ba60be45977a4b7f354619bf80132d594a4" status="baddump" />
	</machine>
	<machine name="sango3ht">
		<description>Sangokushi III - Haou no Tairiku (Asia, Sangokushi II pirate)</description>
		<year>199?</year>
		<publisher>&lt;pirate&gt;</publisher>
		<rom name="001" size="262144" crc="21491e8a" sha1="1b66d953f32d619b2c569c49ef8da5f8e96efcc6" status="baddump" />
		<rom name="002" size="262144" crc="1deb2eb6" sha1="76c7e47d32084b2a5a6e356ed426781292f85282" status="baddump" />
	</machine>
	<machine name="starvers">
		<description>Star Versus</description>
		<year>2015</year>
		<publisher>Studio Dustmop</publisher>
		<rom name="star versus.prg" size="131072" crc="9c987a2a" sha1="999535969f4ce9f3dbda1d1918f570209016a39c" status="baddump" />
	</machine>
	<machine name="superrr">
		<description>Super Russian Roulette</description>
		<year>2017</year>
		<publisher>Batlab Electronics</publisher>
		<rom name="super russian roulette.chr" size="262144" crc="6ba75953" sha1="93153b472c9a36e26e0d9243b9dee1bfacdaa3f8" status="baddump" />
		<rom name="super russian roulette.dpcm" size="8388608" crc="e880dbe6" sha1="b05f2bd2845c3ec3aa63d7aec855c23058fc8412" status="baddump" />
		<rom name="super russian roulette.prg" size="262144" crc="d29e7bd7" sha1="bea73714080dfa2747a526724255fe34a381b0a0" status="baddump" />
	</machine>
</datafile>