<?xml version="1.0" encoding="utf-8"?>
<!DOCTYPE datafile PUBLIC "-//Logiqx//DTD ROM Management Datafile//EN" "http://www.logiqx.com/Dats/datafile.dtd">
<datafile>
	<header>
		<name>pc8801_flop</name>
		<description>NEC PC-8801 disk images</description>
		<version></version>
		<author></author>
	</header>
	<machine name="acrojet">
		<description>AcroJet</description>
		<year>1988</year>
		<publisher>システムソフト (System Software)</publisher>
		<rom name="acrojet_repair.d88" size="349120" crc="c8168a1b" sha1="f4b0e76e9a8d19f02441a9c17d223fcecdfdeb4e" status="baddump" />
	</machine>
	<machine name="holein1">
		<description>Hole in One</description>
		<year>1985</year>
		<publisher>HAL研究所 (HAL Kenkyuujo)</publisher>
		<rom name="hole in one_repair.d88" size="349120" crc="aaff0df9" sha1="03179fed67c9addc8323d0c99322ccd6fcc86f44" status="baddump" />
	</machine>
	<machine name="shikoteia">
		<description>Shikotei (alt)</description>
		<year>1986</year>
		<publisher>デービーソフト (dB-Soft)</publisher>
		<rom name="shi huangdi (shikoutei) (mkiisr).d88" size="348848" crc="bbdd357a" sha1="0f596ede0000869ee72d52cc44bf296d189d0f8c" />
	</machine>
</datafile>