<?xml version="1.0" encoding="utf-8"?>
<!DOCTYPE datafile PUBLIC "-//Logiqx//DTD ROM Management Datafile//EN" "http://www.logiqx.com/Dats/datafile.dtd">
<datafile>
	<header>
		<name>pc98</name>
		<description>NEC PC-9801 disk images</description>
		<version></version>
		<author></author>
	</header>
	<machine name="daivacal">
		<description>Daiva Story 7: Light of Kari Yuga (Alt 2)</description>
		<year>1987</year>
		<publisher>ティーアンドイーソフト (T&amp;E Soft)</publisher>
		<rom name="daiva cali-yuga no mitsuteru a.d88" size="1281968" crc="065203c4" sha1="0755a9e2c0bd29844c4dc127c9b40ac53ff7bf32" />
		<rom name="daiva cali-yuga no mitsuteru b.d88" size="1281968" crc="481ae19e" sha1="05df1d3732ef4c91f87e65f9fd689a2e39da8be8" />
	</machine>
	<machine name="marubats">
		<description>Marubatsu EXE</description>
		<year>1989</year>
		<publisher>&lt;doujin&gt;</publisher>
		<rom name="marubatsu exe.d88" size="1086448" crc="c56e4a9d" sha1="6e8deb4eabb1891aa870a6b53e155736e269897a" />
	</machine>
	<machine name="sabnack">
		<description>Sabnack</description>
		<year>1991</year>
		<publisher>工画堂スタジオ (Kogado Studio)</publisher>
		<rom name="sabnack.hdm" size="1261568" crc="ab9822da" sha1="6c7ead399da89c0ff03c1b5f646d0f402f5a8cb6" />
	</machine>
</datafile>