<?xml version="1.0" encoding="utf-8"?>
<!DOCTYPE datafile PUBLIC "-//Logiqx//DTD ROM Management Datafile//EN" "http://www.logiqx.com/Dats/datafile.dtd">
<datafile>
	<header>
		<name>samcoupe_flop</name>
		<description>SAM Coupé floppy disks</description>
		<version></version>
		<author></author>
	</header>
	<machine name="5trislnd">
		<description>Five on a Treasure Island</description>
		<year>1990</year>
		<publisher>Enigma Variations</publisher>
		<rom name="fiveonatreasureisland.dsk" size="860416" crc="5307cd36" sha1="f9400b504045629200b4a751fe6abcb4009ceac9" />
	</machine>
	<machine name="batnball">
		<description>Batz 'n Balls</description>
		<year>1992</year>
		<publisher>Revelation Software</publisher>
		<rom name="batznballs.dsk" size="910336" crc="3f9528e9" sha1="453ffae4da3cce3b5c7424ce4da1ae5bc7a6b274" />
	</machine>
	<machine name="dominobx">
		<description>Domino Box</description>
		<year>1997</year>
		<publisher>Supplement Software</publisher>
		<rom name="dominobox.dsk" size="819200" crc="23abd828" sha1="7eda0ecab957db7df4cff9ae8c8f24e3cfe57c86" />
	</machine>
	<machine name="doubletp">
		<description>Double Top</description>
		<year>1993</year>
		<publisher>Supplement Software</publisher>
		<rom name="doubletop.mgt" size="819200" crc="f8b4c583" sha1="b6cff3ab3aa0df571b376588217d3c7e27bed976" />
	</machine>
	<machine name="exodus">
		<description>Exodus</description>
		<year>1993</year>
		<publisher>Apex Developments</publisher>
		<rom name="exodus - disk 1 - intro.dsk" size="860416" crc="ea97bd4b" sha1="8797e7b92f8c4e803ee6a3c58b4b0f3dfab711ec" />
		<rom name="exodus - disk 2 - game.dsk" size="860416" crc="da163757" sha1="cf25b0f4ed68370cccc8a156ce585186d954aaa8" />
	</machine>
	<machine name="quizball">
		<description>Quizball</description>
		<year>1991</year>
		<publisher>Revelation Software</publisher>
		<rom name="QuizBall.dsk" size="860416" crc="20661bbc" sha1="33dd733d50a6ff82ce876299fd15853c9dc411d6" />
	</machine>
	<machine name="spellmst">
		<description>Spell Master</description>
		<year>1992</year>
		<publisher>FRED Publishing</publisher>
		<rom name="spellmaster.dsk" size="819200" crc="7b30e3c4" sha1="408ed5a9e8ff245eb746dc306d515b6faf62a7e6" />
	</machine>
	<machine name="splat">
		<description>Splat!</description>
		<year>1991</year>
		<publisher>Revelation Software</publisher>
		<rom name="splat.dsk" size="860416" crc="4b429c21" sha1="71963862173fff0b5b1bafe3145e50d8fe5e90ac" />
	</machine>
</datafile>