<?xml version="1.0" encoding="utf-8"?>
<!DOCTYPE datafile PUBLIC "-//Logiqx//DTD ROM Management Datafile//EN" "http://www.logiqx.com/Dats/datafile.dtd">
<datafile>
	<header>
		<name>snes</name>
		<description>Nintendo SNES cartridges</description>
		<version></version>
		<author></author>
	</header>
	<machine name="raidenjp">
		<description>Raiden Densetsu (Jpn, prototype)</description>
		<year>1991</year>
		<publisher>Toei Animation</publisher>
		<rom name="raiden_densetsu_prototype_v1.24.smc" size="1048576" crc="e72e8de3" sha1="fd758761885a6dcfe8aee62ce67a3112b40a8d58" />
	</machine>
	<machine name="raidenp">
		<description>Raiden Trad (USA, prototype)</description>
		<year>1992</year>
		<publisher>Electro Brain</publisher>
		<rom name="raiden trad (prototype).sfc" size="1048576" crc="7a384a02" sha1="01bee3646d06b2f7fdd59afac9b43d0a4eda076f" />
	</machine>
</datafile>