<?xml version="1.0" encoding="utf-8"?>
<!DOCTYPE datafile PUBLIC "-//Logiqx//DTD ROM Management Datafile//EN" "http://www.logiqx.com/Dats/datafile.dtd">
<datafile>
	<header>
		<name>spectrum_cass</name>
		<description>Sinclair ZX Spectrum cassettes</description>
		<version></version>
		<author></author>
	</header>
	<machine name="actionfo_b">
		<description>Action Force (Dro Soft)</description>
		<year>1989</year>
		<publisher>Dro Soft</publisher>
		<rom name="action force (dro soft - seleccion mastertronic).tzx" size="47571" crc="d6bf8da7" sha1="62b730855122acf6f2c34d48c3be0b4da2599949" />
	</machine>
	<machine name="airwolf">
		<description>Airwolf</description>
		<year>1984</year>
		<publisher>Elite Systems</publisher>
		<rom name="airwolf.tzx" size="48955" crc="6cb74a4b" sha1="21f951bc5eacfcb353111ba382e94ce6200f70f5" />
	</machine>
	<machine name="blam">
		<description>Blam!</description>
		<year>1991</year>
		<publisher>Control Software</publisher>
		<rom name="blam.tzx" size="41667" crc="7d87b6af" sha1="ce7542e2675e8b5c13d09fe621b42530f08e4097" />
	</machine>
	<machine name="combatsc_a">
		<description>Combat School (Erbe)</description>
		<year>1987</year>
		<publisher>Erbe Software</publisher>
		<rom name="combat school - 48k (erbe).tzx" size="109837" crc="3b56a50a" sha1="73a66932afe86538afb73a850fc9ad132228dde3" />
		<rom name="combat school - 128k (erbe).tzx" size="118357" crc="b5c04f3c" sha1="1905204a732c03bc2cb3d4a7dd26de38c72df710" />
	</machine>
	<machine name="cross">
		<description>Cross</description>
		<year>1987</year>
		<publisher>Compulogical</publisher>
		<rom name="cross.tzx" size="47591" crc="ff4bd292" sha1="69906f4e681e0fc9a8d4d808fc1e9e0bdebcd132" />
	</machine>
	<machine name="dragonni_e">
		<description>Dragon Ninja (Erbe)</description>
		<year>1988</year>
		<publisher>Erbe Software</publisher>
		<rom name="dragon ninja - side 1 (erbe - serie 5 estrellas).tzx" size="101300" crc="25963eeb" sha1="d32cdf7874c25777df46700947ea53a367f139b6" />
		<rom name="dragon ninja - side 2 (erbe - serie 5 estrellas).tzx" size="118786" crc="e63a14ef" sha1="1c9296a1a27b881fa1c5dcfe5c1e13272a371a09" />
	</machine>
	<machine name="esquimo">
		<description>Esquimó</description>
		<year>1984</year>
		<publisher>Timex Portugal</publisher>
		<rom name="esquimo.tzx" size="24955" crc="1ca91095" sha1="7012f841955714f874cd2f703db41c39e82d032c" />
	</machine>
	<machine name="globoluz">
		<description>O Globo da Luz</description>
		<year>19??</year>
		<publisher>Astor Software</publisher>
		<rom name="o globo da luz.tzx" size="29924" crc="ca32dc83" sha1="08e2f1effb172cdfdafb8b9a97c6a38ca89b98b7" />
	</machine>
	<machine name="goldpck100">
		<description>Golden Pack 100</description>
		<year>198?</year>
		<publisher>Orion</publisher>
		<rom name="golden pack 100 - side A.tzx" size="154467" crc="4e6a8f47" sha1="70c64682ce1cd86f71f269f6bf968f7c7f813693" />
		<rom name="golden pack 100 - side B.tzx" size="205310" crc="a4e38a50" sha1="22542286be69d68b6fc843a20706c2aaf2f51cc4" />
	</machine>
	<machine name="insomnia">
		<description>Insomnia</description>
		<year>1983</year>
		<publisher>Scats</publisher>
		<rom name="insomnia.tzx" size="31595" crc="9f541084" sha1="19e706c5b7257099d0251c0f65264c62248260fd" />
	</machine>
	<machine name="mrweemsc">
		<description>Mr. Weems and the She Vampires (Zafi Chip)</description>
		<year>1987</year>
		<publisher>Zafi Chip</publisher>
		<rom name="mr weems and the she vampires (zafiro).tzx" size="54815" crc="4e6d1d9b" sha1="ced86a7345a32e2a1426e93d42a0f08b0ac31892" />
	</machine>
	<machine name="ogunship">
		<description>Operation Gunship</description>
		<year>1989</year>
		<publisher>Code Masters</publisher>
		<rom name="operation gunship.tzx" size="52519" crc="ce77f9fa" sha1="64d32a5d410e7854c7d322cbc386ffafa47f95ec" />
	</machine>
	<machine name="perigosn">
		<description>Perigos na Selva</description>
		<year>1983</year>
		<publisher>Timex Portugal</publisher>
		<rom name="perigos na selva.tzx" size="22988" crc="4c7cc1c9" sha1="6de7770c91b420d776ca93e678cbf32c3186239f" />
	</machine>
	<machine name="ravenpole">
		<description>The Raven + Polearn</description>
		<year>19??</year>
		<publisher>8th Day</publisher>
		<rom name="the raven + polearn - 8th day.tzx" size="212156" crc="2e00a915" sha1="ed3e945aaba95129aae80d2468c530ea09b28f1f" />
		<rom name="the raven - A - 8th day.tzx" size="211161" crc="913da484" sha1="4d11bbed9cb24061e98c2594eebb27880c4cd393" />
	</machine>
	<machine name="scubdivee">
		<description>Pesquisa Submarina</description>
		<year>1984</year>
		<publisher>Timex Portugal</publisher>
		<rom name="pesquisa submarina.tzx" size="45976" crc="6570dd46" sha1="a200672fb36bbff1c675c1dc8a4e75932732051e" />
	</machine>
	<machine name="sservicea">
		<description>Silent Service (Erbe)</description>
		<year>1987</year>
		<publisher>Erbe Software</publisher>
		<rom name="silent service - large case (erbe).tzx" size="49980" crc="637a9069" sha1="6ecbd240271416daa22ae7ae11987fc6050afc56" />
	</machine>
	<machine name="travessia">
		<description>Travessia</description>
		<year>1986</year>
		<publisher>Timex Portugal</publisher>
		<rom name="travessia.tzx" size="8316" crc="d354e3ad" sha1="a11384210bef65270f5afc04076051cc7e1a2ff3" />
	</machine>
	<machine name="travessiaa">
		<description>Travessia (alt)</description>
		<year>1986</year>
		<publisher>Timex Portugal</publisher>
		<rom name="travessia (alt).tzx" size="11002" crc="a8b79dbc" sha1="7cfae83c7e9c25bebbbcb011f60e2ebd64ee0cc6" />
	</machine>
	<machine name="turboesp">
		<description>Turbo Esprit (Durell)</description>
		<year>1986</year>
		<publisher>Durell Software</publisher>
		<rom name="turbo esprit - side 1.tzx" size="47679" crc="f5660afb" sha1="89063e32109d029cf3218866c0f4ab5dcaf5ce13" />
		<rom name="turbo esprit - side 2.tzx" size="45960" crc="6db734ae" sha1="6528baedc9a109fc8d692dabdc98ad69cc56456b" />
	</machine>
	<machine name="vampiri">
		<description>Vampiri</description>
		<year>19??</year>
		<publisher>Rebit Computer</publisher>
		<rom name="vampiri - rebit computer.tzx" size="31416" crc="560bb6a5" sha1="b7a613a22c25b6c2216b21dfae713757c5414ce2" />
	</machine>
	<machine name="wosp">
		<description>WOSP - Whole Orbit Survey Plotter</description>
		<year>1987</year>
		<publisher>N.P. Taylor</publisher>
		<rom name="wosp - g4hlx.tzx" size="27075" crc="c7ac1f58" sha1="b388d5048c718a8a6a2a03c4f22c922ca69589b6" />
	</machine>
</datafile>