<?xml version="1.0" encoding="utf-8"?>
<!DOCTYPE datafile PUBLIC "-//Logiqx//DTD ROM Management Datafile//EN" "http://www.logiqx.com/Dats/datafile.dtd">
<datafile>
	<header>
		<name>tx0_ptp</name>
		<description>TX-0 Paper Tape Reader images</description>
		<version></version>
		<author></author>
	</header>
	<machine name="munching">
		<description>Munching Squares</description>
		<year>196?</year>
		<publisher>MIT</publisher>
		<rom name="bin_munchingSquares.bin" size="327" crc="54afd9a3" sha1="a7fc6d62ea1cef21f1563cb8b86a5e63198af0ae" />
	</machine>
	<machine name="punchy">
		<description>Punchy</description>
		<year>195?</year>
		<publisher>MIT</publisher>
		<rom name="punchy.bin" size="1821" crc="3a0ead7e" sha1="6fb6f072251712cab2e614d1a80a626b9a27f1f2" />
	</machine>
</datafile>