<?xml version="1.0" encoding="utf-8"?>
<!DOCTYPE datafile PUBLIC "-//Logiqx//DTD ROM Management Datafile//EN" "http://www.logiqx.com/Dats/datafile.dtd">
<datafile>
	<header>
		<name>vectrex</name>
		<description>GCE Vectrex cartridges</description>
		<version></version>
		<author></author>
	</header>
	<machine name="sslingte">
		<description>Star Sling Turbo Edition</description>
		<year>2006</year>
		<publisher>&lt;homebrew&gt;</publisher>
		<rom name="sslingte.bin" size="4096" crc="c8b02b4e" sha1="0bd7956c7291ef30ccc77e2aec5f121b90a39e24" />
	</machine>
	<machine name="vecspbox">
		<description>Vec Sports Boxing</description>
		<year>2002</year>
		<publisher>Good Deal Games</publisher>
		<rom name="vsbfinal.bin" size="15245" crc="1e29ec6b" sha1="ae56133ffcbdecf5489af53c5238aacefa9d74db" />
	</machine>
</datafile>