<?xml version="1.0" encoding="utf-8"?>
<!DOCTYPE datafile PUBLIC "-//Logiqx//DTD ROM Management Datafile//EN" "http://www.logiqx.com/Dats/datafile.dtd">
<datafile>
	<header>
		<name>vsmile_cart</name>
		<description>VTech V.Smile cartridges</description>
		<version></version>
		<author></author>
	</header>
	<machine name="barney">
		<description>Barney - The Land of Make Believe (USA)</description>
		<year>2005</year>
		<publisher>VTech</publisher>
		<rom name="Barney - The Land of Make Believe 92380(US).bin" size="8388608" crc="a527a382" sha1="14a5d997ba60807316eede17b7970e1d4537922f" />
	</machine>
	<machine name="carebear">
		<description>Care Bears - A Lesson in Caring (USA)</description>
		<year>2005?</year>
		<publisher>VTech</publisher>
		<rom name="Care Bears - A Lesson in Caring 92180(US) [TWO CHIP] HIGH.bin" size="2097152" crc="ffb5790d" sha1="f84a8af1859e8f749856c3293f5d2fb01a7c1449" />
		<rom name="Care Bears - A Lesson in Caring 92180(US) [TWO CHIP] LOW.bin" size="4194304" crc="f0f2bd0f" sha1="a27f105fe32c3bfeb0ac4d745faafe1a12859045" />
	</machine>
	<machine name="cinderlar101">
		<description>Disney's Cinderella - Cinderella's Magic Wishes (USA, rev. 101)</description>
		<year>2007</year>
		<publisher>VTech</publisher>
		<rom name="Cinderella - Cinderella's Magic Wishes 092240-101(US).bin" size="8388608" crc="19e7080d" sha1="5b123f9f6dbc3892d9c7025639b87e70f2656e31" />
	</machine>
	<machine name="cinderlasp">
		<description>Walt Disney La Cenicienta - Los sueños mágicos de Cenicienta (Spain)</description>
		<year>2005</year>
		<publisher>VTech</publisher>
		<rom name="80-092247 - Disney Princess - La Cenicienta - Los suenos magicos de Cenicienta (SP).bin" size="8388608" crc="dbb7b765" sha1="442609ef00cb96b21c854239eb3f815722f644e3" />
	</machine>
	<machine name="manny">
		<description>Disney Handy Manny (USA)</description>
		<year>2009</year>
		<publisher>VTech</publisher>
		<rom name="Handy Manny 090020(US).bin" size="8388608" crc="b0e9d3e6" sha1="a112803aa273838f1b56ad24cf6b754226025532" />
	</machine>
	<machine name="redhood">
		<description>The Adventures of Little Red Riding Hood (USA)</description>
		<year>200?</year>
		<publisher>VTech</publisher>
		<rom name="The Adventures of Little Red Riding Hood 92020(US).bin" size="8388608" crc="a8f5f312" sha1="043a69b97dbc89cd01fae49f3b7a0d0b4e9443e1" />
	</machine>
	<machine name="tinkerbel">
		<description>TinkerBell (USA)</description>
		<year>2009</year>
		<publisher>VTech</publisher>
		<rom name="Disney Fairies - TinkerBell 090260(US).bin" size="8388608" crc="42a5720e" sha1="a4f11f623bb08c878afb334f202935c0b3a24237" />
	</machine>
	<machine name="upr001">
		<description>Disney/Pixar Up (USA, rev. 001)</description>
		<year>2009</year>
		<publisher>VTech</publisher>
		<rom name="Up 090000-001(US).bin" size="8388608" crc="7691b353" sha1="4c73ec99835183b310a69020a86c5a926232729c" />
	</machine>
	<machine name="wowwoww">
		<description>Nick Jr. Wow! Wow! Wubbzy! (USA)</description>
		<year>2009</year>
		<publisher>VTech</publisher>
		<rom name="Wow Wow Wubbzy 090040(US).bin" size="8388608" crc="62da284f" sha1="1931473d50d8ba2f505a6fd22625810b8d7dbaf6" />
	</machine>
</datafile>