<?xml version="1.0" encoding="utf-8"?>
<!DOCTYPE datafile PUBLIC "-//Logiqx//DTD ROM Management Datafile//EN" "http://www.logiqx.com/Dats/datafile.dtd">
<datafile>
	<header>
		<name>MAME - Update ROMs (v0.235 to v0.236)</name>
		<description>MAME - Update ROMs (v0.235 to v0.236)</description>
		<version></version>
		<author></author>
	</header>
	<machine name="a2sd" isdevice="yes" runnable="no">
		<description>Apple II SD Card</description>
		<rom name="appleiisd.bin" size="2048" crc="e82eea8a" sha1="7e0acef01e622eeed6f8e87893d07c701bbef016" />
	</machine>
	<machine name="ace_sp_reelctrl" isdevice="yes" runnable="no">
		<description>ACE sp.ACE Reel Controller PCB</description>
		<rom name="ace reel mcu v9 _space_.bin" size="2048" crc="d7b91fe0" sha1="44f78da8138caf4f79f1e8e9a2abe53d79c0fe79" />
	</machine>
	<machine name="ace_sp_reelctrl_pcp" isdevice="yes" runnable="no">
		<description>ACE sp.ACE Reel Controller PCB (PCP clone)</description>
		<rom name="pcp reel mcu fcr 1 _space_.bin" size="2048" crc="1c8019bf" sha1="d1d6ea68d9aace4a4ea0de212f17426bccfe5856" />
	</machine>
	<machine name="alphahob">
		<description>Missile / Circuit (bootleg of Alpha Fighter / Head On)</description>
		<year>19??</year>
		<manufacturer>bootleg</manufacturer>
		<rom name="01.bin" size="1024" crc="eb8278b3" sha1="6349c64f718fc23f78788a612378681d9e6ef69b" />
		<rom name="02.bin" size="1024" crc="404f120c" sha1="7359c819f8a355783c00a972cb65a10aeff6bde4" />
		<rom name="03.bin" size="1024" crc="87de1bb0" sha1="63626ac2b1f1419fd93dca33417834922ffc8634" />
		<rom name="04.bin" size="1024" crc="10005956" sha1="2e742b1764520c3de5b44018f94dc6476c9a4e84" />
		<rom name="05.bin" size="1024" crc="bbdaf42a" sha1="57e5e72613c0852bc91e12a5713d93c222ed5b32" />
		<rom name="06.bin" size="1024" crc="07d4c69a" sha1="7bb7dad200526a642debe3406ef9c0a74f6fc374" />
		<rom name="07.bin" size="1024" crc="8f766b30" sha1="91e4c8ccb479dcd89f1c76f619bfac832ca7910e" />
		<rom name="08.bin" size="1024" crc="88032202" sha1="64e087c0a9a97f19c1c5ba5ca1d249d38efab391" />
		<rom name="10.bin" size="1024" crc="ba978bca" sha1="69ee157d1aee8cf323d15630b99cff2747ed0189" />
		<rom name="11.bin" size="1024" crc="5673be86" sha1="d8f6bcc0231163c40c217e73dff9dd410fcd488c" />
		<rom name="12.bin" size="1024" crc="939903c6" sha1="2a570b9880bb8594501fa9b3d1320e5ad2abc86a" />
		<rom name="13.bin" size="1024" crc="bd6dbd8e" sha1="a001392b32be8218d5aebb1c02fc88a41ce995b0" />
		<rom name="15.bin" size="1024" crc="ced0a642" sha1="7f90803af926861261c9467fda293093409aff83" />
		<rom name="16.bin" size="1024" crc="4c043d8b" sha1="72f7db24fc60dae9879d8daf01ef2bb14e9597aa" />
	</machine>
	<machine name="altbeastj">
		<description>Juuouki (set 7, Japan) (8751 317-0077)</description>
		<year>1988</year>
		<manufacturer>Sega</manufacturer>
		<rom name="317-0077.c2" size="4096" crc="eef80d68" sha1="a932129a4e7ba9f813f0f46253940c90fac98d50" />
	</machine>
	<machine name="ampkr2jsp">
		<description>American Poker II - Jackpot (Spanish, set 1)</description>
		<year>1994</year>
		<manufacturer>bootleg?</manufacturer>
		<rom name="u6" size="65536" crc="183b67a6" sha1="8d5b1ce401e8783641c666a5b190a1f052f2dfca" />
		<rom name="u47" size="32768" crc="024d6263" sha1="bf4eb4eff0cac85619c230255331a149e5f2e2c6" />
	</machine>
	<machine name="ampkr2jspa">
		<description>American Poker II - Jackpot (Spanish, set 2)</description>
		<year>1994</year>
		<manufacturer>bootleg?</manufacturer>
		<rom name="u6" size="65536" crc="35aa7c52" sha1="8aa422b1b86d0366fe4736d97470fc330335ae78" />
		<rom name="u47" size="16384" crc="094d75a5" sha1="069b3cacd648f59da42d0b7246ac125f16b54005" status="baddump" />
	</machine>
	<machine name="ampkr2jspb">
		<description>American Poker II - Jackpot (Spanish, set 3)</description>
		<year>1994</year>
		<manufacturer>bootleg?</manufacturer>
		<rom name="u6" size="65536" crc="e2f5ff56" sha1="ab793a4f15673d6d4447024172f6fa6c61719fe7" />
	</machine>
	<machine name="apxen">
		<description>Apricot XEN</description>
		<year>1985</year>
		<manufacturer>ACT</manufacturer>
		<rom name="eeprom.nv" size="32" crc="c26d455e" sha1="ff2d7af6ca21b2fba4c5a9e90926b5049a9fdc86" />
	</machine>
	<machine name="basket" ismechanical="yes">
		<description>Basket</description>
		<year>1987?</year>
		<manufacturer>Igoa S.A.</manufacturer>
		<rom name="n82s123an.bin" size="32" crc="1ad9b60b" sha1="936b9f7a6d8f2dde71e86205f6c37634e4119cde" />
	</machine>
	<machine name="bmcmxaac">
		<description>beatmania complete MIX (ver AA-C)</description>
		<year>1999</year>
		<manufacturer>Konami</manufacturer>
		<rom name="858aac01.6a" size="524288" crc="1563b021" sha1="5b63c3f0db4704ef92ee388777611ba8d5f6a1b7" />
		<rom name="858aac02.8a" size="524288" crc="53ae5d66" sha1="cfbf870cf9c2fa8270d62423a21f3a5c19382a66" />
		<rom name="858aac07.22d" size="524288" crc="2a925ec8" sha1="9ffb657e0723dd4b0b6c50e67c8f89007d59fa04" />
		<rom name="858aac08.23d" size="524288" crc="1f11304b" sha1="ae48e93f694cec075b785b79f692a37d66d5a78b" />
		<rom name="858aac09.25d" size="524288" crc="46b7c6e2" sha1="913de33f10bd86f261567f634eece2f157d0c9b0" />
		<rom name="858aac10.27d" size="524288" crc="15d1230f" sha1="848df167e9e20c1d1e9f3bf79bcc4fc1d2121944" />
	</machine>
	<machine name="carnivalca">
		<description>Carnival (cocktail, earlier)</description>
		<year>1980</year>
		<manufacturer>Sega</manufacturer>
		<rom name="epr-479.u33" size="1024" crc="620bff59" sha1="87d3b4991cacb0a8cd7eeef652eb3f1c1eaadb17" />
		<rom name="epr-480.u32" size="1024" crc="90768717" sha1="a34e6c28d486614b0a084a088d75feb8ecb6ef15" />
		<rom name="epr-481.u31" size="1024" crc="5c903af9" sha1="5f11c6c800cfb012ba592b890d9849cc03192aaa" />
		<rom name="epr-482.u30" size="1024" crc="fb2398a1" sha1="abab2cd43054b719b0bee0f7452908df062e34bc" />
		<rom name="epr-483.u29" size="1024" crc="306f50d2" sha1="93faa3e2a8e49f3afb591a2fe7bb401278a354e2" />
		<rom name="epr-484.u28" size="1024" crc="e80a6ebc" sha1="5ef94a2ee7040b56951ef68ee4198f64af1449b0" />
		<rom name="epr-485.u27" size="1024" crc="993e2885" sha1="82a04258d5c25bddb6556a73f0e85a9af9d510d2" />
		<rom name="epr-486.u26" size="1024" crc="e6b7eb05" sha1="1b998cdf39d38437b5d32958dbde80b29c1b2736" />
		<rom name="epr-487.u8" size="1024" crc="41abf6f8" sha1="1a02c268368ea761113c831d4a6dfc0a1853ebc7" />
		<rom name="epr-488.u7" size="1024" crc="b0288f2a" sha1="c02311f4f640a17b68cc10ca01ab3e919a9355b0" />
		<rom name="epr-489.u6" size="1024" crc="c9c529ab" sha1="98bb99afc1e23dff13ab73c051beec44750eb1b3" />
		<rom name="epr-490.u5" size="1024" crc="9d4ffe25" sha1="b0dec556f16d505190b8703c367ecb4d07147156" />
		<rom name="epr-491.u4" size="1024" crc="5d086aec" sha1="d7b9125b0f9dd71d5ffcac321ec2c0f3f7953031" />
		<rom name="epr-492.u3" size="1024" crc="0e20e4a5" sha1="82c8ad21a72c8dff81eb4bb97e64faff33a8b46f" />
		<rom name="epr-493.u2" size="1024" crc="b4a7c5c9" sha1="832597a2b586bffebaf2d67be8dff316d8120974" />
	</machine>
	<machine name="casino5b">
		<description>Casino Five (3315-12, U5-0)</description>
		<year>1984</year>
		<manufacturer>Merit</manufacturer>
		<rom name="3315-12_u5-0.u5" size="8192" crc="50116e80" sha1="3563a685cba25bf6d2b47280f17488d6427b3bd8" />
		<rom name="3315-12_u6-0.u6" size="16384" crc="7050ca92" sha1="8ea351cee84812b31d7a6c3de77a7f43e8b077f8" />
		<rom name="3315-12_u7-0.u7" size="16384" crc="ddd97b53" sha1="57f86efa3d87e8eb226506f4a37481c5132a5a6a" />
	</machine>
	<machine name="cb3f">
		<description>Cherry Bonus III (set 5, encrypted bootleg)</description>
		<year>199?</year>
		<manufacturer>bootleg (Cleco)</manufacturer>
		<rom name="en27c512.u6" size="65536" crc="de6d6050" sha1="7164584b159c8180ffc65d4e0bedbb4a405c74d9" />
	</machine>
	<machine name="checkc2">
		<description>Checker Challenger (model CR, 2 levels)</description>
		<year>1978</year>
		<manufacturer>Fidelity Electronics</manufacturer>
		<rom name="d546c-055" size="2048" crc="ee2de21e" sha1="ca727093dc36dc15453bc5cca4e559fdc8242355" />
	</machine>
	<machine name="concply5">
		<description>Conchess Plymate 5.5MHz</description>
		<year>1985</year>
		<manufacturer>Systemhuset / Loproc</manufacturer>
		<rom name="plymate_5.5mhz.bin" size="32768" crc="9a9d1ec1" sha1="75dbd1f96502775ed304f6b085d958f1b07d08f9" />
	</machine>
	<machine name="dangerex">
		<description>Danger Express (prototype)</description>
		<year>1992</year>
		<manufacturer>Atari Games</manufacturer>
		<rom name="dx2p-0l.2p" size="524288" crc="dabe7e1c" sha1="1f77bba57b7025333c27ee3d548d08ee960d63d6" />
		<rom name="dx2s-0h.2s" size="524288" crc="89902ce2" sha1="f910ad65f3780e28c9920c4185c1ea807ec478aa" />
		<rom name="dx3p-1l.3p" size="524288" crc="40b0a300" sha1="3ec055bdc30e62c5e95541b15c53f1d439ccb5b4" />
		<rom name="dx3s-1h.3s" size="524288" crc="ffeec3d1" sha1="de40083ce3862f2b5d37f5f255f93b2b2487ed96" />
		<rom name="dx4p-2l.4p" size="524288" crc="00d586e1" sha1="7e8419a5972a5e0fc372c72b5c5f8f3ff4294a2b" />
		<rom name="dx4s-2h.4s" size="524288" crc="1e4d0c50" sha1="fbb5422f43e1c4f8787073c1cdaeb75121a67a35" />
		<rom name="dx5p-3l.5p" size="524288" crc="e37b1413" sha1="490911006f0e10319117dae3a87623d8244ea182" />
		<rom name="dx5s-3h.5s" size="524288" crc="98e26315" sha1="dbc567c3b9d00f827acb8ba2d5a79a7d2acc7ddd" />
		<rom name="dx6p-4l.6p" size="524288" crc="5e3aefb8" sha1="492eb7f42bbeefbc377d3a491fe07b64c1c8a11c" />
		<rom name="dx6s-4h.6s" size="524288" crc="b2bc538c" sha1="1bda4a6c40c9389573857879263c0f01b5f029d3" />
		<rom name="dx7p-5l.7p" size="524288" crc="102c827d" sha1="6ae405032a07081841a5a3fb48422bd67d37372c" />
		<rom name="dx7s-5h.7s" size="524288" crc="396d706e" sha1="7682287df2ad2283b5999c3df272baa9559b7bd5" />
		<rom name="dx8c-0l.8c" size="131072" crc="aedcb497" sha1="7e201b7db5c0ff661f782566a6b17299d514c77a" />
		<rom name="dx8d-0h.8d" size="131072" crc="4957b65d" sha1="de9f187b6496cf96d29c4b1b29887abc2bdf9bf0" />
		<rom name="dx8p-6l.8p" size="524288" crc="a0e7311b" sha1="9c4d443c727c3bd59f035bf27c4f7e74046d4c45" />
		<rom name="dx8s-6h.8s" size="524288" crc="af3b1f90" sha1="d514a7b5e9bb263bbb1164a5174fa6943c4e5fb4" />
		<rom name="dx9c-1l.9c" size="131072" crc="79de4c91" sha1="31de5e927aff4efcf4217da3c704ece2d393faf9" />
		<rom name="dx9d-1h.9d" size="131072" crc="2eb943e2" sha1="87dbf11720e2938bf5755b13231fc668ab3e0e05" />
		<rom name="dx9p-7l.7l" size="524288" crc="e6f1d9fa" sha1="160b4c9a90bdc48c990e5d4a24b17a284c9b4da8" />
		<rom name="dx9s-7h.7h" size="524288" crc="5bf0ce01" sha1="22f971842371eb36b2dc6ae303ef3955dd9884c2" />
		<rom name="dx12c-5.12c" size="65536" crc="d72621f7" sha1="4bf5c98dd2434cc6ed1bddb6baf42f41cf138e1a" />
		<rom name="dx12e-3.12e" size="131072" crc="c0ffd43c" sha1="dcd7e3cc5d46db0d0a7fe3806bddbca235492d35" />
		<rom name="dx15e-2.15e" size="131072" crc="11596234" sha1="77eab7cb4ad83a50c23127b4fb1bbfd4aa2c6f8d" />
		<rom name="dx17e-1.17e" size="131072" crc="ccb73a18" sha1="3e853f7c7ab32b18fdb6529d37d28eb96c5365dc" />
		<rom name="dx19e-0.19e" size="131072" crc="e7d9d5fb" sha1="756b1d59168855a707181dd6c437a59313da5a7c" />
		<rom name="dx82-22c.22c" size="131072" crc="9548599b" sha1="d08bae8dabce0175f956631ddfbf091653af035e" />
		<rom name="dx-eeprom.5c" size="2048" crc="d14e813d" sha1="b206ce85f7a87986d401d34eafa188b5bffae08c" />
		<rom name="dxc80-20c.20c" size="131072" crc="a8ffe459" sha1="92a10694c38a4fbe3022662f4e8e4e214aab31c9" />
		<rom name="dxc81-22-21c.21c" size="131072" crc="24cb1d34" sha1="4fc558c8dee3654abd164e5e4adddf9bfcbca3ae" />
		<rom name="dxc115-20d.20d" size="131072" crc="2819ce54" sha1="9a3c041d9046af41997dc1d9f41bf0e1be9489f9" />
		<rom name="dxc116-20-21d.21d" size="131072" crc="ebbf0fd8" sha1="4ceb026c4231b675215110c16c8f75551cdfa461" />
		<rom name="dxc117-22d.22d" size="131072" crc="5532995a" sha1="21e001c911adb91dbe43e895ae8582df65f2995d" />
		<rom name="dxc187-22j.22j" size="131072" crc="7231ecc2" sha1="8b1b0aed3a0d907630e120395b0a97fd9a1ef8cc" />
	</machine>
	<machine name="diamhrts">
		<description>Diamonds &amp; Hearts - Power Pay (10229311, NSW/ACT)</description>
		<year>2007</year>
		<manufacturer>Aristocrat</manufacturer>
		<rom name="10229311.u73" size="4194304" crc="70c2c9de" sha1="ef361bc58eb50b47602d96f0655ad08d3049a449" />
		<rom name="10229311.u86" size="4194304" crc="6bffd690" sha1="35d4f3ef58955bef91aef7b2d3a70af264d9d18d" />
	</machine>
	<machine name="doraglobg">
		<description>Dora the Explorer - Doras Abenteuer-Globus (Germany)</description>
		<year>2007</year>
		<manufacturer>VTech</manufacturer>
		<rom name="doraglobegerman.bin" size="8388608" crc="538aa197" sha1="e97e0641df04074a0e45d02cecb43fbec91a4ce6" />
	</machine>
	<machine name="faeton6d" ismechanical="yes">
		<description>Faeton (6 digits)</description>
		<year>1985</year>
		<manufacturer>Juegos Populares</manufacturer>
		<rom name="faeton6d.bin" size="8192" crc="e7c45ba4" sha1="c0f82271ef44841c599f0e7b9a1ed9cd16f0580a" />
	</machine>
	<machine name="fasttrack" ismechanical="yes">
		<description>Fast Track</description>
		<year>1989</year>
		<manufacturer>Mr Game</manufacturer>
		<rom name="cpuic13.rom" size="32768" crc="675cbef6" sha1="0561aee09bb459a79e54a903d39ef5e5288e8368" />
		<rom name="cpuic14.rom" size="32768" crc="57a1c42f" sha1="fbfc7527068a1e68afa4c20d5c2650399a1ee3cd" />
		<rom name="ft_vid2.532" size="4096" crc="5145685b" sha1="6857be53efee5d439311ddb93e9f509590ff26c9" />
	</machine>
	<machine name="gs471">
		<description>Unknown medal game GS471</description>
		<year>1997</year>
		<manufacturer>Konami</manufacturer>
		<rom name="471-b01.15l" size="524288" crc="064c4830" sha1="a4051a16d7bed7a5aab0dafc570b9bc0ddb0fac5" />
		<rom name="471-b02.18l" size="524288" crc="4a3f6c74" sha1="d631d988a3334de0a4d13bd2b1bfa2133da7507e" />
		<rom name="471-b04.15t" size="524288" crc="78f071b1" sha1="4dac30917ea903e0fe803a988351992a30de668a" />
		<rom name="471-b05.17t-2" size="524288" crc="45b1febf" sha1="b504153631d11f7a9ebfb47fea6b09ce10b95654" />
		<rom name="471-b06.20t" size="524288" crc="7bc5f090" sha1="f25095883c1b747fd7971c8841000ef33878081d" />
		<rom name="471-b07.22t" size="524288" crc="7d9153b5" sha1="cebfbd1531e479b27ae8f176a47d928be9cfab88" />
	</machine>
	<machine name="hardbody" ismechanical="yes">
		<description>Hardbody (rev. D)</description>
		<year>1987</year>
		<manufacturer>Bally</manufacturer>
		<rom name="hb_cpu2.bin" size="16384" crc="03975ea9" sha1="8a4ba6bb5e6ab8da5fffaead283e26edd297e637" />
		<rom name="hb_cpu3.bin" size="16384" crc="10c10380" sha1="98207c16b6d2a9990eb36b2629bfd668e45ca58e" />
	</machine>
	<machine name="headonch">
		<description>Head On Channel (prototype, hack)</description>
		<year>1994</year>
		<manufacturer>hack</manufacturer>
		<rom name="headonch.ic4" size="262144" crc="90af7301" sha1="227227cb5d0df6612bac7b4c94b99e2287686ccd" />
		<rom name="headonch.ic31" size="524288" crc="91f3b5f1" sha1="15cbe7a172dde7de7b73f0c9eeddfee41e8d1f80" />
		<rom name="headonch.ic32" size="524288" crc="091cf538" sha1="04673678f543743b395edea39ad4ee6177436dc0" />
		<rom name="headonch.ic33" size="524288" crc="3268e38b" sha1="10ded2be01465014ca9e6c64ffab1190ec985359" />
		<rom name="headonch.ic34" size="524288" crc="d8dc6323" sha1="e7e891324764641691dcb63e5222f2ed9207fb96" />
	</machine>
	<machine name="hook_e406" ismechanical="yes">
		<description>Hook (UK 4.06, display A4.01)</description>
		<year>1992</year>
		<manufacturer>Data East</manufacturer>
		<rom name="hokcpue.406" size="65536" crc="0e2893e2" sha1="fb13f34a45ec75d9cc1439c90b10c0b1ad38d1f6" />
	</machine>
	<machine name="jak_sbjd">
		<description>SpongeBob SquarePants Jellyfish Dodge (JAKKS Pacific TV Game) (Apr 5 2007)</description>
		<year>2007</year>
		<manufacturer>JAKKS Pacific Inc / HotGen Ltd</manufacturer>
		<rom name="spongebobjelly.bin" size="4194304" crc="804fbd87" sha1="519aa7fada993837cb57fce26a1d721547af1861" />
	</machine>
	<machine name="jvs13551" isdevice="yes" runnable="no">
		<description>Sega 837-13551 I/O Board</description>
		<rom name="sp5001-a.bin" size="16384" crc="b52d3777" sha1="eb882a0d4fde5d8a9fb118cb6e3547b0e9f7bfea" />
	</machine>
	<machine name="kartduel">
		<description>Kart Duel (Japan, KTD1/VER.A)</description>
		<year>2000</year>
		<manufacturer>Gaps / Namco</manufacturer>
		<rom name="kdt1rom0l.ic12" size="8388608" crc="4a3bac12" sha1="7758d97049d30a00b7bede3688d451fbf4eddbfb" />
		<rom name="kdt1rom0u.ic11" size="8388608" crc="bab0d328" sha1="9a15bfb38c63b0012f29755b2be071e9c82d1c20" />
	</machine>
	<machine name="leadera">
		<description>Leader (version Z 2F, Greece)</description>
		<year>1995</year>
		<manufacturer>bootleg</manufacturer>
		<rom name="leader 2ka.bin" size="65536" crc="2664db55" sha1="de4c07a8ba8fab772441395b6d05272ee54d9614" />
	</machine>
	<machine name="m4esctbg" ismechanical="yes">
		<description>Escalera Tobogan (MPU4, set 1)</description>
		<year>1994</year>
		<manufacturer>Vifico</manufacturer>
		<rom name="escsnd_0.2_p1.rom2" size="524288" crc="2f6517bc" sha1="b39a4fa17d3e373b7a89663668529d752e595641" />
		<rom name="escsnd_0.2_p2.rom3" size="524288" crc="3b0b9fed" sha1="5a03be7f3a7f40252cfec5f719a845d175e3995c" />
		<rom name="ma-15_b-1925-94_esc_1.6a_n-1270.rom1" size="65536" crc="6fa2a0ef" sha1="3b60b545e417a45e61e3babbe27758a053ced926" />
	</machine>
	<machine name="m4esctbga" ismechanical="yes">
		<description>Escalera Tobogan (MPU4, set 2)</description>
		<year>1994</year>
		<manufacturer>Vifico</manufacturer>
		<rom name="ma-15_b-1925-94_esc_1.6a_n-1269.rom1" size="65536" crc="8c3f1cf3" sha1="0e7961bacc4ba701efbbd1ee99b2a72422f96b07" />
	</machine>
	<machine name="m4esctbgb" ismechanical="yes">
		<description>Escalera Tobogan (MPU4, set 3)</description>
		<year>1994</year>
		<manufacturer>Vifico</manufacturer>
		<rom name="ma-15_b-1925-94_esc_1.6a_n-1268.rom1" size="65536" crc="d2b47707" sha1="65096835d94242a5c07b266b8561a9e0d9f95e36" />
	</machine>
	<machine name="macattck" ismechanical="yes">
		<description>Mac Attack</description>
		<year>1990</year>
		<manufacturer>Mr Game</manufacturer>
		<rom name="cpu_ic13.rom" size="32768" crc="35cabad1" sha1="01279df881b0d7d6586c1b8570b12bdc1fb9ff21" />
		<rom name="cpu_ic14.rom" size="32768" crc="6a4d7b89" sha1="090e1a6c069cb6e5efd26a0260df613375f0b063" />
		<rom name="snd_ic06.rom" size="32768" crc="4ab94d16" sha1="4c3755489f699c751d664f420b9852ef16bb3aa6" />
		<rom name="snd_ic22.rom" size="16384" crc="9d3546c5" sha1="cc6e91288692b927f7d046e192b1fd128c126d0d" />
		<rom name="snd_ic35.rom" size="32768" crc="52e9811c" sha1="52223cf14a185b4dab14143d797000baf6d618cc" />
		<rom name="snd_ic36.rom" size="32768" crc="2e6b5822" sha1="9e390e4b71cc103ec3d781575df484a3e4217b3b" />
		<rom name="vid_ic17.rom" size="32768" crc="7494e44e" sha1="c7c062508e81b9fd818f36f80d4a6da02c3bda40" />
	</machine>
	<machine name="motrdomeb" ismechanical="yes">
		<description>MotorDome (rev. B)</description>
		<year>1986</year>
		<manufacturer>Bally</manufacturer>
		<rom name="md_cpu_u2.bin" size="16384" crc="72c84e3b" sha1="cf8d890a574e7f5299abde6fd38be2f3e63b3a54" />
		<rom name="md_cpu_u3.bin" size="16384" crc="3ae93465" sha1="5b5ecee0c631131201bf4c52f297f87d143d0fcf" />
	</machine>
	<machine name="motrshow" ismechanical="yes">
		<description>Motor Show</description>
		<year>1989</year>
		<manufacturer>Mr Game</manufacturer>
		<rom name="cpu_2.ic13b" size="32768" crc="9cd2d6f3" sha1="6f123367ccbe1376b4bd8a5ee0f636efe42f9eac" />
	</machine>
	<machine name="mushikk">
		<description>Mushiking The King Of Beetle (2K3 2ND Ver. 1.000-, Korea)</description>
		<year>2004</year>
		<manufacturer>Sega</manufacturer>
		<rom name="25lc010.ic13s" size="132" crc="2299ab22" sha1="8cf2cf3a6a7ca8cc13998f1cdeed5d6b4a832781" />
		<rom name="epr-24265.ic11" size="4194304" crc="dccb210b" sha1="35891f97bec251083b2c927e926d73685d750a4d" />
		<rom name="opr-24266.ic17s" size="8388608" crc="293e5350" sha1="7107d3378fe3a73e868bc03e0572b19e91152a3b" />
		<rom name="opr-24267.ic18" size="8388608" crc="80798f9a" sha1="a843a052dce254f9a5a7b7024f21e4e6f8621666" />
		<rom name="opr-24268.ic19s" size="8388608" crc="b512c772" sha1="f45084f2e242e07e47c25eeeed44624274a95a7e" />
		<rom name="opr-24269.ic20" size="8388608" crc="25d4a162" sha1="2a987803e272d7d8b8302d9dedfecf4bdd8cad7b" />
		<rom name="opr-24270.ic21s" size="8388608" crc="02a513ad" sha1="29213eac56b7b42a3ff43469093d53705019d9af" />
		<rom name="opr-24271.ic22" size="8388608" crc="7e5c745c" sha1="1163b0d549e9af629fa57dcb68c25dbc99cb47cc" />
	</machine>
	<machine name="ooparts">
		<description>OOPArts (prototype, joystick hack)</description>
		<year>1992</year>
		<manufacturer>hack</manufacturer>
		<rom name="ooparts.ic31" size="524288" crc="35381899" sha1="524f6e1b1292542079589275e20f45c2eb68605c" />
		<rom name="ooparts.ic32" size="524288" crc="8dcf2940" sha1="f72630e8a26e7f2089da56878a1599268c355246" />
		<rom name="ooparts.ic33" size="524288" crc="42755dc2" sha1="cd0aa79418b922266c5d41bf24b9136f9f105dc5" />
		<rom name="ooparts.ic34" size="524288" crc="7192ac29" sha1="d3028a9bbb7faa733285cf7e47fd840ec0d0bf69" />
	</machine>
	<machine name="pc98ha">
		<description>PC-98HA (Handy98)</description>
		<year>1990</year>
		<manufacturer>NEC</manufacturer>
		<rom name="backup.bin" size="262144" crc="3c5b2a99" sha1="f8e2f5a4c7601d4e81d5e9c83621107ed3f5a29a" status="baddump" />
		<rom name="dict.rom" size="786432" crc="6dc8493c" sha1="3e04cdc3403a814969b6590cd78e239e72677fe5" status="baddump" />
		<rom name="ipl.rom" size="65536" crc="2f552bb9" sha1="7f53bf95181d65b2f9942285da669d92c61247a3" status="baddump" />
		<rom name="kanji.rom" size="262144" crc="4be5ff2f" sha1="261d28419a2ddebe3177a282952806d7bb036b40" status="baddump" />
		<rom name="ramdrv.bin" size="1441792" crc="f2cec994" sha1="c986ad6d8f810ac0a9657c1af26b6fec712d56ed" status="baddump" />
		<rom name="romdrv.rom" size="1048576" crc="2f59127f" sha1="932cb970c2b22408f7895dbf9df6dbc47f8e055b" status="baddump" />
	</machine>
	<machine name="pc98lt">
		<description>PC-98LT</description>
		<year>1989</year>
		<manufacturer>NEC</manufacturer>
		<rom name="backup.bin" size="65536" crc="56d7ca00" sha1="d17942e166f98af1d484e497e97d31da515973f7" status="baddump" />
		<rom name="dict.rom" size="524288" crc="421278ee" sha1="f6066fc5085de521395ce1a8bb040536c1454c7e" status="baddump" />
		<rom name="ipl.rom" size="65536" crc="b6a6a382" sha1="3f1767cccc1ae02b3e48f6ee327d3ef4fad05750" status="baddump" />
		<rom name="kanji.rom" size="262144" crc="26a81aa2" sha1="bf12e40c608ef6ef1ac38f6b0b3ca79260a50cef" status="baddump" />
		<rom name="romdrv.rom" size="524288" crc="282ff6eb" sha1="f4833e49dd9089ec40f5e86a713e08cd8c598578" status="baddump" />
	</machine>
	<machine name="pc8001mk2sr">
		<description>PC-8001mkIISR</description>
		<year>1985</year>
		<manufacturer>NEC</manufacturer>
		<rom name="font80sr.rom" size="4096" crc="784c0b17" sha1="565dc8e5e46b1633cb434d12b4d8b3a662546b33" />
		<rom name="fonthira.rom" size="2048" crc="fe7059d5" sha1="10c5f85adcce540cbd0a11352e2c38a84c989a26" />
		<rom name="n80_2sr.rom" size="32768" crc="dcb71282" sha1="e8db5dc5eae11da14e48656d324874e59f2e3844" />
		<rom name="n80_3.rom" size="40960" crc="d99ef247" sha1="9bfa5009d703cd31caa734d932d2a847d74cbfa6" status="baddump" />
	</machine>
	<machine name="pc9801_55l" isdevice="yes" runnable="no">
		<description>NEC PC-9801-55L</description>
		<rom name="eta1b_00.bin" size="32768" crc="300ff6c1" sha1="6cdee535b77535fe6c4dda4427aeb803fcdea0b8" />
		<rom name="eta3b_00.bin" size="32768" crc="44477512" sha1="182bb45ba0da7a4f9113e268e04ffca8403cf164" />
	</machine>
	<machine name="pc9801_55u" isdevice="yes" runnable="no">
		<description>NEC PC-9801-55U</description>
		<rom name="jnc2b_00.bin" size="32768" crc="ddace1b7" sha1="614569be28a90bd385cf8abc193e629e568125b7" />
		<rom name="jnc3b_00.bin" size="32768" crc="b8a8a49e" sha1="7781dab492df889148e070a7da7ead207e18ed04" />
	</machine>
	<machine name="pc9801us">
		<description>PC-9801US</description>
		<year>1992</year>
		<manufacturer>NEC</manufacturer>
		<rom name="lrh8a00.bin" size="524288" crc="a86d8cdb" sha1="01c805274ca943c1febedda5ad85ba532aac949c" />
	</machine>
	<machine name="pc9801vx">
		<description>PC-9801VX</description>
		<year>1986</year>
		<manufacturer>NEC</manufacturer>
		<rom name="nec_d27c256d-15_cpu_extboard_yll01.bin" size="32768" crc="1b235313" sha1="d2c5e2cea3ee0a643d3c5d384d134404b58db793" />
		<rom name="nec_d27c256d-15_cpu_extboard_yll02.bin" size="32768" crc="948f8658" sha1="674378d4e90fee715ccfdd49378cd5c2fe8d7f62" />
		<rom name="nec_d27c256d-15_cpu_extboard_yll03.bin" size="32768" crc="33605ae3" sha1="f644ff15c54c8568e643324f38aa3b6211912af0" />
		<rom name="nec_d27c256d-15_cpu_extboard_yll04.bin" size="32768" crc="2ce2101b" sha1="2158d022d5424daf6981bf4da0ab9613bf9646f5" />
	</machine>
	<machine name="pc9821cx3">
		<description>PC-9821Cx3 (98MULTi CanBe)</description>
		<year>1995</year>
		<manufacturer>NEC</manufacturer>
		<rom name="bank0.bin" size="32768" crc="bccc5233" sha1="1246203bebf9f04e3bac2df7fc64719304f9f1bd" />
		<rom name="bank1.bin" size="32768" crc="190b448b" sha1="01d555cb1044ea280759c5fb724b24ca38ba67f7" />
		<rom name="bank2.bin" size="32768" crc="2a73461c" sha1="745d48a33766b7f4dab84faa87014fd6f4c8ce34" />
		<rom name="bank3.bin" size="32768" crc="13ffa799" sha1="dba02689de02d4c2d6bbf10efe86a37653f3aa86" />
		<rom name="bank4.bin" size="32768" crc="b5fa9408" sha1="fd94a0da767b5de2c10da154ae336c14a1d70e4f" />
		<rom name="bank6.bin" size="32768" crc="1021ccca" sha1="2154b03c8650e66700a9ea83f1eb2bb32a2bad46" />
		<rom name="bank7.bin" size="32768" crc="d339d36f" sha1="fdb5e2d8bfcc723a86d4706c7c00e3adb1bc421b" />
		<rom name="bank8.bin" size="32768" crc="41263c3a" sha1="fa415639882b266e663f36b22a8f6336258b7f93" />
		<rom name="bank9.bin" size="32768" crc="28ccca78" sha1="44b10f0cfae71b34221306db5d93d5d5aaec3cd3" />
		<rom name="bankb.bin" size="32768" crc="2ec7b657" sha1="34b9ba199b13c71d4facc4215931574d59afd928" />
		<rom name="bankc.bin" size="32768" crc="b3559c78" sha1="d8f177b75e96ad22393933534b0432bc0018eae5" />
		<rom name="bankd.bin" size="32768" crc="9bc44372" sha1="baa917086edd578d88b730ab1dca1899beb0525d" />
		<rom name="banke.bin" size="32768" crc="911003f4" sha1="a35b72130b2c3c3822a1648d1f470a6973262c73" />
		<rom name="bankf.bin" size="32768" crc="77f6a5c7" sha1="b8fbf104dd8a8e00855be18f0c3b71da79b6a841" />
		<rom name="pc-9821cx3.bin" size="524288" crc="0360ed78" sha1="2e4fe059d001d980add1656816bda97cd11ef331" />
	</machine>
	<machine name="pc9821nr15">
		<description>PC-9821Nr15 (98NOTE Lavie)</description>
		<year>1996</year>
		<manufacturer>NEC</manufacturer>
		<rom name="g8xwa_xwa00_ab28f200bx-t.bin" size="262144" crc="17b91850" sha1="755eb8767c08980d0f1b6e32638e9fdd616a1b26" />
	</machine>
	<machine name="pc9821nr166">
		<description>PC-9821Nr166 (98NOTE Lavie)</description>
		<year>1997</year>
		<manufacturer>NEC</manufacturer>
		<rom name="bank0.bin" size="32768" crc="c08b4f76" sha1="bc352826e33566b0e9f5e54c391d7690b6d8fff0" />
		<rom name="bank1.bin" size="32768" crc="62dfab8b" sha1="e95cd8e6f385a8074fc311dcfc982b42ce1f1a7c" />
		<rom name="bank2.bin" size="32768" crc="1df9ebcb" sha1="91db85ac60ab7c9100aa95c945f50564f4933776" />
		<rom name="bank3.bin" size="32768" crc="e2b44219" sha1="f02449f37a2b3d7a22551c3c4fd018d426059829" />
		<rom name="bank4.bin" size="32768" crc="507d66df" sha1="f29434ce472ea49b87a17f195fef7d31b7f9ba67" />
		<rom name="bank6.bin" size="32768" crc="c0f0495b" sha1="5fd9db08f61faadc8d5b004e41005f113c480ee5" />
		<rom name="bank7.bin" size="32768" crc="cf92cf6b" sha1="880350ce71fcf5a039155062d6065566f0c8fa46" />
		<rom name="pc-9821nr166.bin" size="262144" crc="6a137f51" sha1="1b8264ff525cfda5b367bf85570ff53a6ad42cd4" />
	</machine>
	<machine name="pc9821nw150">
		<description>PC-9821Nw150 (98NOTE Lavie)</description>
		<year>1997</year>
		<manufacturer>NEC</manufacturer>
		<rom name="g8yxb_b7a_yxb00_ab28f200bx-t.bin" size="262144" crc="75f547f6" sha1="5ff610f3796a3742b674151e4e5a750ded48c951" />
	</machine>
	<machine name="pc9821ra266">
		<description>PC-9821Ra266 (98MATE R)</description>
		<year>1997</year>
		<manufacturer>NEC</manufacturer>
		<rom name="g8ykkw.bin" size="262144" crc="d73a2795" sha1="65d4e1e438e91c1646bcc06a9868aa474faf0ccf" />
	</machine>
	<machine name="peafluta">
		<description>Peacock Flutter (01J00011, NSW/ACT)</description>
		<year>2000</year>
		<manufacturer>Aristocrat</manufacturer>
		<rom name="01j00011.u7" size="524288" crc="e4f0164c" sha1="420d051b6b5c31f178113a0a4050f2177fc12cc3" />
		<rom name="01j00011.u8" size="524288" crc="3460c79d" sha1="a0c632030fe9f1a7bdbf30d8ac4202903dce9676" />
		<rom name="01j00011.u11" size="524288" crc="d96b3986" sha1="d6dfc0c7180f13be46d855e51ad0c2b0015436f0" />
		<rom name="01j00011.u12" size="524288" crc="7243a1b1" sha1="522321066423677734525e0967381b6989ff13c2" />
	</machine>
	<machine name="qlgs">
		<description>Que Long Gao Shou</description>
		<year>1999</year>
		<manufacturer>IGS</manufacturer>
		<rom name="cg_u28.u28" size="4194304" crc="b34e22a0" sha1="60c7efb9a0112745c5f9934a04578f6ce5071976" />
		<rom name="s-501cn.u17" size="2097152" crc="c80b61c0" sha1="4e9920beb85fd559620f3136ea52ab6532657b1f" />
		<rom name="sp_u5.u5" size="2097152" crc="6049b892" sha1="f87285a288bd3fd169080045f70ff15181661582" />
		<rom name="text_u26.u26" size="2097152" crc="4cd44ba8" sha1="49f73233d466f196ee62bfca0c3e1042f38ee340" />
	</machine>
	<machine name="r_alaska" ismechanical="yes">
		<description>Alaska</description>
		<year>1978</year>
		<manufacturer>Interflip</manufacturer>
		<rom name="al.c5" size="256" crc="905ef624" sha1="ab0bb2e7262650b670524ce9f88bd1f14ffd749a" />
	</machine>
	<machine name="r_blackm4" ismechanical="yes">
		<description>Black Magic 4</description>
		<year>1980</year>
		<manufacturer>Recel</manufacturer>
		<rom name="b4.c5" size="2048" crc="cd383f5b" sha1="c38acaae46e5fd2660efbd0e2d35e295892e60a5" />
	</machine>
	<machine name="r_cavalier" ismechanical="yes">
		<description>Cavalier</description>
		<year>1979</year>
		<manufacturer>Recel</manufacturer>
		<rom name="ca.c5" size="256" crc="dc2e865f" sha1="3f15f90dafa9d5e42381605044b6c9b529afd3af" />
	</machine>
	<machine name="r_crzyrace" ismechanical="yes">
		<description>Crazy Race</description>
		<year>1978</year>
		<manufacturer>Recel</manufacturer>
		<rom name="cr.c5" size="2048" crc="60088804" sha1="a73a7f8a0583a79588f9823a5e65ed28edad96a3" />
	</machine>
	<machine name="r_fairfght" ismechanical="yes">
		<description>Fair Fight</description>
		<year>1978</year>
		<manufacturer>Recel</manufacturer>
		<rom name="fa.c5" size="256" crc="5d3694da" sha1="4d0a8033acb6ef2e2af107f76540fd19b4a39b12" />
	</machine>
	<machine name="r_flipper" ismechanical="yes">
		<description>The Flipper Game</description>
		<year>1980</year>
		<manufacturer>Recel</manufacturer>
		<rom name="fl.c5" size="2048" crc="76ee0370" sha1="f2a835a0b76f7258d5e65390c239f5456e30e87a" />
	</machine>
	<machine name="r_hotcold" ismechanical="yes">
		<description>Hot &amp; Cold</description>
		<year>1978</year>
		<manufacturer>Inder</manufacturer>
		<rom name="hc.c5" size="256" crc="f58d0c05" sha1="54ecf9f67ce3a5264bfd9c063353705f9202d524" />
	</machine>
	<machine name="r_mrdoom" ismechanical="yes">
		<description>Mr Doom</description>
		<year>1979</year>
		<manufacturer>Recel</manufacturer>
		<rom name="md.c5" size="256" crc="ca679a69" sha1="f08f0cfe646f08882473dcd5d23889fffe4a03c8" />
	</machine>
	<machine name="r_mrevil" ismechanical="yes">
		<description>Mr Evil</description>
		<year>1978</year>
		<manufacturer>Recel</manufacturer>
		<rom name="me.c5" size="256" crc="58cb2c60" sha1="f6da41c54ed6f1eba10de05d87c7d956bc510b4e" />
	</machine>
	<machine name="r_pokrplus" ismechanical="yes">
		<description>Poker Plus</description>
		<year>1978</year>
		<manufacturer>Recel</manufacturer>
		<rom name="po.c5" size="256" crc="60a199a8" sha1="045d61f56ea03a694722da810d465ab65d85cbfd" />
	</machine>
	<machine name="r_quijote" ismechanical="yes">
		<description>Don Quijote</description>
		<year>1979</year>
		<manufacturer>Recel</manufacturer>
		<rom name="qu.c5" size="256" crc="1fd535d0" sha1="a9c9a72881d195a0de751f10fa54fb181523a33f" />
	</machine>
	<machine name="r_screech" ismechanical="yes">
		<description>Screech</description>
		<year>1978</year>
		<manufacturer>Inder</manufacturer>
		<rom name="sc.c5" size="2048" crc="ddf2beac" sha1="2ce67e2679bf7d545434a90209c462ad53c50e01" />
	</machine>
	<machine name="r_swash" ismechanical="yes">
		<description>Swashbuckler</description>
		<year>1979</year>
		<manufacturer>Recel</manufacturer>
		<rom name="sw.c5" size="256" crc="69326f5f" sha1="f0bb4251f579ccf97c1cabb63254ba466ccd141e" />
	</machine>
	<machine name="r_torneo" ismechanical="yes">
		<description>Torneo</description>
		<year>1978</year>
		<manufacturer>Recel</manufacturer>
		<rom name="to.c5" size="256" crc="06518bca" sha1="6e8d4dba3cc5713208794aafc40cad6aca558aa6" />
	</machine>
	<machine name="route16d">
		<description>Route 16 (Sun Electronics, set 2)</description>
		<year>1981</year>
		<manufacturer>Sun Electronics</manufacturer>
		<rom name="a0.7.bin" size="2048" crc="025a4f63" sha1="f1ced12c7667467c25f7fc595ae2e1b3aef4a29f" />
		<rom name="a1.bin" size="2048" crc="ab6117fa" sha1="99a96042ef9634fb32b7b5ca7e7e05f6637a7014" />
		<rom name="a2.8.bin" size="2048" crc="5174f9ac" sha1="162303589c30cbd2c1b701c32a1aa6f9008d3b35" />
		<rom name="a3.bin" size="2048" crc="3ba19f10" sha1="2e0f4a7b162f2ff2d17db0edc92f3c9804a8f8ee" />
		<rom name="a4.bin" size="2048" crc="1da34bde" sha1="b67420c6d7857303c137199f718de77ba7e38336" />
		<rom name="a5.bin" size="2048" crc="74438cf5" sha1="a7b7191f2a7b26577ee4459a6d3a83548f1c44ee" />
		<rom name="b1.bin" size="2048" crc="49f265fc" sha1="62e072828d1f64700dd2f3ed81417740e585bad4" />
	</machine>
	<machine name="sharrier1">
		<description>Space Harrier (8751 315-5163)</description>
		<year>1985</year>
		<manufacturer>Sega</manufacturer>
		<rom name="315-5163.ic32" size="4096" crc="52b0c81a" sha1="11a910949e61bb1376d15f538557b9ff210c8dc7" status="baddump" />
	</machine>
	<machine name="sotsugyok">
		<description>Jor-eop Jeungmyeongseo (Korea)</description>
		<year>1996</year>
		<manufacturer>Mitchell</manufacturer>
		<rom name="27c020.12f" size="262144" crc="147a794d" sha1="d2a87e6f59cb13707137ef8cd6b63c0ca87c77b0" />
		<rom name="27c020.13f" size="262144" crc="d59f270e" sha1="de3736e1b818cf0ab976824c4e67a394e46f13af" />
		<rom name="27c4000.2a" size="524288" crc="9092cc83" sha1="208391058ab74f2651457644544bbe77c1f5dcb8" />
		<rom name="27c4000.2f" size="524288" crc="8a76a083" sha1="f5cccb3a7834225af0c6118af33362efeff66999" />
		<rom name="27c4000.4a" size="524288" crc="69de4049" sha1="2f4f45108c27ae164a0b5323ee37a331e784cef5" />
	</machine>
	<machine name="speedway">
		<description>Speedway</description>
		<year>199?</year>
		<manufacturer>hack (Drivers)</manufacturer>
		<rom name="1.u29" size="131072" crc="72e001fe" sha1="dbb02f8425c175d5ee401754e6c11ce4d429e621" />
	</machine>
	<machine name="ssonicbr">
		<description>SegaSonic Bros. (prototype, hack)</description>
		<year>1992</year>
		<manufacturer>hack</manufacturer>
		<rom name="ssonicbr.ic4" size="131072" crc="78e56a51" sha1="8a72c12975cd74919b4337e0f681273e6b5cbbc6" />
		<rom name="ssonicbr.ic31" size="262144" crc="03709746" sha1="0b457f557da77acd3f43950428117c1decdfaf26" />
		<rom name="ssonicbr.ic32" size="262144" crc="cf254ecd" sha1="4bb295ec80f8ddfeab4e360eebf12c5e2dfb9800" />
	</machine>
	<machine name="tourpgum">
		<description>unknown Paradise Automatique / TourVisión bowling themed poker game with gum prizes (France)</description>
		<year>1992?</year>
		<manufacturer>Paradise Automatique / TourVisión</manufacturer>
		<rom name="1_tourvision.ic19" size="32768" crc="dbfb5b72" sha1="efdc66f2288cd66f0b91211d3d1e7e6b20079ab1" />
		<rom name="2_tourvision.ic18" size="32768" crc="af25ed99" sha1="9605b36151791b84c2d0648070b0f97e31300dbb" />
		<rom name="3_tourvision.ic17" size="32768" crc="0b081663" sha1="86dbf69e819ced12ac7cb7a4839fe0ba677580ae" />
		<rom name="4.ic52" size="32768" crc="58d68a5a" sha1="e1eb9113d6ebb1cedf5c6724c15b96934e357504" />
	</machine>
	<machine name="unkpacga">
		<description>Pucman</description>
		<year>199?</year>
		<manufacturer>IDI SRL</manufacturer>
		<rom name="b.bin" size="32768" crc="5b26dce5" sha1="d00434ab352169eca3c458917d5d1a04d0d2c2df" />
		<rom name="g.bin" size="32768" crc="e12d34e0" sha1="96790eec9032ca6f513cf0f6a1962d91a21ce2ae" />
		<rom name="p1.bin" size="32768" crc="386bd2da" sha1="fa786c25dd5ec1a26ebe021ca701dccebfcbb64f" />
		<rom name="p2.bin" size="32768" crc="7878d7f3" sha1="cacdd4b8e33a93e2913d0f5d740195ef0f439031" />
		<rom name="r.bin" size="32768" crc="b0d7b67a" sha1="87bd150ed46d1346a363dc45c226e72967426f2a" />
	</machine>
	<machine name="unkpacgb">
		<description>unknown 'Pac-Man' gambling game (set 2)</description>
		<year>199?</year>
		<manufacturer>&lt;unknown&gt;</manufacturer>
		<rom name="p1.bin" size="32768" crc="5cc6b5e1" sha1="80325eef389f7d6a8c78531fdc6e5b73721eb0b1" />
		<rom name="p2.bin" size="32768" crc="06b42740" sha1="0639ec2e31bd81e85a45689929bb67a61599497c" />
	</machine>
	<machine name="wldafr">
		<description>Wild Africa - Millioniser (0351083, US)</description>
		<year>2002</year>
		<manufacturer>Aristocrat</manufacturer>
		<rom name="0351083.u72" size="4194304" crc="130c5385" sha1="523b0d57b533b9b3e0fd8c0305c6099219bf2785" />
		<rom name="0351083.u85" size="4194304" crc="ca451b30" sha1="e201c06c45ee376a68bb4260cd99f0575bfac400" />
	</machine>
	<machine name="wndrplnt">
		<description>Wonder Planet (Japan)</description>
		<year>1987</year>
		<manufacturer>Data East Corporation</manufacturer>
		<rom name="ea.k14" size="4096" crc="b481f6a9" sha1="e2c4376662fc7b209cd6a2f4e9a85807c8af2548" />
	</machine>
	<machine name="zelost">
		<description>Zelos (Japan, terminal)</description>
		<year>1994</year>
		<manufacturer>Namco</manufacturer>
		<rom name="eeprom" size="2048" crc="ac117acc" sha1="fa7d8d1f47cc0cbcc37d1fa4d41d76a109320b0b" />
		<rom name="zs1 stp 0e.6e" size="524288" crc="e331f84c" sha1="77812e50c49093883a9ec71290f45d398abac5fd" />
		<rom name="zs1 stp 1e.3e" size="524288" crc="3a593d12" sha1="1941c5e88e425f83fc8e22e48e7bf18f231efb78" />
	</machine>
</datafile>