<?xml version="1.0" encoding="utf-8"?>
<!DOCTYPE datafile PUBLIC "-//Logiqx//DTD ROM Management Datafile//EN" "http://www.logiqx.com/Dats/datafile.dtd">
<datafile>
	<header>
		<name>amiga_hdd</name>
		<description>Amiga hard disk images</description>
		<version></version>
		<author></author>
	</header>
	<machine name="wbenc21">
		<description>Workbench 2.1</description>
		<year>1992</year>
		<publisher>Commodore</publisher>
		<disk name="wbenc21" sha1="d9ac194bc0927c4daf1f81a2bea267c8bf4fcbe5" />
	</machine>
	<machine name="wbenc30">
		<description>Workbench 3.0</description>
		<year>1992</year>
		<publisher>Commodore</publisher>
		<disk name="wbenc30" sha1="85ddeb4182686c6c785a0fbec88aeee005176efb" />
	</machine>
	<machine name="wbenc31">
		<description>Workbench 3.1</description>
		<year>1995</year>
		<publisher>ESCOM</publisher>
		<disk name="wbenc31" sha1="a79eecab8a7e8e4a1696382591c12830905d2760" />
	</machine>
	<machine name="wbenc205">
		<description>Workbench 2.05</description>
		<year>1992</year>
		<publisher>Commodore</publisher>
		<disk name="wbenc205" sha1="f40aa55f379f567a052cb10a26b06eee558d06ca" />
	</machine>
</datafile>