<?xml version="1.0" encoding="utf-8"?>
<!DOCTYPE datafile PUBLIC "-//Logiqx//DTD ROM Management Datafile//EN" "http://www.logiqx.com/Dats/datafile.dtd">
<datafile>
	<header>
		<name>HBMAME - Update ROMs (v0.235 to v0.236)</name>
		<description>HBMAME - Update ROMs (v0.235 to v0.236)</description>
		<version></version>
		<author></author>
	</header>
	<machine name="abyssal">
		<description>Abyssal Infants</description>
		<year>2021</year>
		<manufacturer>Kako Eimon</manufacturer>
		<rom name="498.s1" size="131072" crc="1ebbb83e" sha1="4a52fe5463db19b0617fa990c9f2b8a006ac813c" />
		<rom name="498a.c1" size="2097152" crc="24dabe27" sha1="4b7519cbcf028b0be7b0acf9c8827a126a33007d" />
		<rom name="498a.c2" size="2097152" crc="bbdacc24" sha1="39025e7f593cc7f464e9f0403feab69ddbd371c8" />
		<rom name="498a.m1" size="131072" crc="3ddf772b" sha1="9ac9dba6feac48dcead44020cb17540bba6c0590" />
		<rom name="498a.p1" size="524288" crc="a8a2a8a6" sha1="da0ea757e17531be8c8e3b0a1f6cc71b0eb04b92" />
		<rom name="498a.v1" size="2097152" crc="1fae3797" sha1="2e3b410bc52366788b18f70ae5e912a8e2d5e93f" />
	</machine>
	<machine name="baby1">
		<description>Baby Pacman 1 (Alt)</description>
		<year>2000</year>
		<manufacturer>T-Bone</manufacturer>
		<rom name="baby1.6j" size="4096" crc="646e53a4" sha1="8b5ba5c4f1ad6fc721fd90b5a50258099fff704c" />
	</machine>
	<machine name="bevpac">
		<description>Bevelled Pacman</description>
		<year>2000</year>
		<manufacturer>T-Bone</manufacturer>
		<rom name="bevpac.4a" size="256" crc="17d9b991" sha1="32d4b8d0b476fafcbf3409b15dcd6ef3b50b52b2" />
		<rom name="bevpac.5e" size="4096" crc="997948fa" sha1="61162569679fa0791151ec17c6fde509ddaedbed" />
		<rom name="bevpac.5f" size="4096" crc="5be1e1fd" sha1="0ef63767c16d40bd999419d4977a97d9034d85ea" />
		<rom name="bevpac.6j" size="4096" crc="a9460bc2" sha1="4969e3eba36e6e17d2d0db9239dd22f97baddd50" />
	</machine>
	<machine name="dangerex">
		<description>Danger Express (prototype)</description>
		<year>1992</year>
		<manufacturer>Atari Games</manufacturer>
		<rom name="dx-eeprom.5c" size="2048" crc="d14e813d" sha1="b206ce85f7a87986d401d34eafa188b5bffae08c" />
	</machine>
	<machine name="invispac">
		<description>Pacman (Invisible Maze)</description>
		<year>2000</year>
		<manufacturer>T-Bone</manufacturer>
		<rom name="invispac.5e" size="4096" crc="c16725bc" sha1="f6eae4c7e7b30c33b0bf1ddfc4a617a3b908747f" />
		<rom name="invispac.6j" size="4096" crc="e4ec2f1a" sha1="e0df9165cf5c0458c42cdf77f6444bfc0de64d7a" />
	</machine>
	<machine name="mcatadv">
		<description>Magical Cat Adventure</description>
		<year>1993</year>
		<manufacturer>Wintechno</manufacturer>
		<rom name="mca-u29e" size="524288" crc="cf21227c" sha1="4012811ebfe3c709ab49946f8138bc4bad881ef7" />
		<rom name="mca-u30e" size="524288" crc="c62fbb65" sha1="39a30a165d4811141db8687a4849626bef8e778e" />
		<rom name="mca-u53.bin" size="524288" crc="64c76e05" sha1="379cef5e0cba78d0e886c9cede41985850a3afb7" />
		<rom name="mca-u58.bin" size="524288" crc="3a8186e2" sha1="129c220d72608a8839f779ce1a6cfec8646dbf23" />
		<rom name="mca-u60.bin" size="1048576" crc="c8942614" sha1="244fccb9abbb04e33839dd2cd0e2de430819a18c" />
		<rom name="mca-u61.bin" size="1048576" crc="51af66c9" sha1="1055cf78ea286f02003b0d1bf08c2d7829b36f90" />
		<rom name="mca-u82.bin" size="1048576" crc="5f01d746" sha1="11b241456e15299912ee365eedb8f9d5e5ca875d" />
		<rom name="mca-u83.bin" size="1048576" crc="4e1be5a6" sha1="cb19aad42dba54d6a4a33859f27254c2a3271e8c" />
		<rom name="mca-u84.bin" size="524288" crc="df202790" sha1="f6ae54e799af195860ed0ab3c85138cf2f10efa6" />
		<rom name="mca-u85.bin" size="524288" crc="a85771d2" sha1="a1817cd72f5bf0a4f24a37c782dc63ecec3b8e68" />
		<rom name="mca-u86e" size="524288" crc="017bf1da" sha1="f6446a7219275c0eff62129f59fdfa3a6a3e06c8" />
		<rom name="mca-u87e" size="524288" crc="bc9dc9b9" sha1="f525c9f994d5107752aa4d3a499ee376ec75f42b" />
		<rom name="mca-u100" size="524288" crc="b273f1b0" sha1="39318fe2aaf2792b85426ec6791b3360ac964de3" />
		<rom name="u9.bin" size="131072" crc="fda05171" sha1="2c69292573ec35034572fa824c0cae2839d23919" />
	</machine>
	<machine name="mcatadvs01">
		<description>Magical Cat Adventure (R.Zara)</description>
		<year>1993</year>
		<manufacturer>Recreativos Zara, S.L.</manufacturer>
		<rom name="mcas01.u29" size="524288" crc="7fd27089" sha1="c97f5ce13d8dfeaaed94ec621037e030f7a7cec7" />
		<rom name="mcas01.u30" size="524288" crc="009ae1b3" sha1="7bee7d3a9a6fd67d09acdfbef49f3e2be6db4712" />
	</machine>
	<machine name="mcpacman">
		<description>McPacman</description>
		<year>1998</year>
		<manufacturer>T-Bone</manufacturer>
		<rom name="mcpacman.5e" size="4096" crc="ab5f40ba" sha1="b5d6b1515fadf1d3b22092bb922b2c5a380830c3" />
		<rom name="mcpacman.5f" size="4096" crc="43752d25" sha1="8e8c0ae54288a58de2613bf98a9a96c6a7369647" />
		<rom name="mcpacman.6j" size="4096" crc="addd1c14" sha1="ac7e7ebb62b44c435a1c722d2b982097ff59b538" />
	</machine>
	<machine name="ndo_a_td">
		<description>Neo Driftout Tech Demo</description>
		<year>2021</year>
		<manufacturer>Blastar</manufacturer>
		<rom name="499.c1" size="524288" crc="3913d0d5" sha1="c1bb4d336676828c5754f763bc75d310aed6d73f" />
		<rom name="499.c2" size="524288" crc="0a70ac8e" sha1="b7371609001ff73907bee49f1e9944fdd269eaab" />
		<rom name="499.m1" size="65536" crc="0125c35b" sha1="e4d35447e18c2e398afb4d883fd02b620b4e299a" />
		<rom name="499.p1" size="524288" crc="0b42acff" sha1="3a52fdedf99acb9a49c2a952465766d1e2cf644d" />
		<rom name="499.s1" size="131072" crc="00bef8e5" sha1="e5523d896f04d92981bca4fe270b5f20ad699457" />
		<rom name="499.v1" size="524288" crc="23ce128d" sha1="d6423525ffbb3a59c5fc2fc0f14dcddcfd8c5687" />
	</machine>
	<machine name="pacforks">
		<description>Forks</description>
		<year>2021</year>
		<manufacturer>T-Bone</manufacturer>
		<rom name="pacforks.6j" size="4096" crc="ce79408e" sha1="000fa833e94b939cece93b75e097477f87f48749" />
	</machine>
	<machine name="pacman25s01">
		<description>Pac Man - (4 New Maps - After Dark)</description>
		<year>2021</year>
		<manufacturer>T-Bone</manufacturer>
		<rom name="maps1.s01" size="4096" crc="a7a8120b" sha1="350b1c348a0a3678bd182a93ac8d8a7225128501" />
		<rom name="maps2.s01" size="4096" crc="985ed43b" sha1="384b14b7777f98433ec49a4ac2ca571e96fb4634" />
		<rom name="s01.4a" size="256" crc="db8c8390" sha1="fcd4295671df2d9f678c0d9ad8f80650851f6ec3" />
		<rom name="s01.5e" size="4096" crc="b260db5b" sha1="7f54776e323c25312ec8641e9ba539bb864a338f" />
		<rom name="s01.7f" size="32" crc="8bf26558" sha1="986e2624ec3c01d45f0973872c5457133d452732" />
	</machine>
	<machine name="pacman25s02">
		<description>Pac Man - (Fruit 1)</description>
		<year>2021</year>
		<manufacturer>T-Bone</manufacturer>
		<rom name="maps1.s02" size="4096" crc="5652bc93" sha1="bcb6cbb86a0d37b79d8124ff9153b50ccf19fb79" />
		<rom name="s02.5e" size="4096" crc="d50bd122" sha1="89d71c43a1229236df2417892dd7a5787bbdce2b" />
		<rom name="s02.5f" size="4096" crc="44226756" sha1="c783582af949972230126d89b9dcaf608d3c030b" />
		<rom name="s02.6e" size="4096" crc="e9df2a73" sha1="b57f4b360fa7624319e30fb36834f4a1806252f9" />
		<rom name="s02.6j" size="4096" crc="3aad8292" sha1="5489c7b409cbbd1d73e6367fd60852388b691883" />
	</machine>
	<machine name="pacman25s03">
		<description>pac Man - (Fruit 2)</description>
		<year>2021</year>
		<manufacturer>T-Bone</manufacturer>
		<rom name="s03.4a" size="256" crc="68fdfbe5" sha1="5b05cfdc6ac2f9b5b67427f280afeded857e2699" />
		<rom name="s03.5e" size="4096" crc="39bbeae9" sha1="d54fac4ebc49b56a9cce1f9b5aedbdc4c75987e6" />
		<rom name="s03.5f" size="4096" crc="29b2ea8b" sha1="50a6d43864c25ebf6eeeccf1c0580685d913c071" />
		<rom name="s03.6e" size="4096" crc="7c641473" sha1="b931f29df19aeb4d0f133ca6dced387a6fa5700c" />
		<rom name="s03.6j" size="4096" crc="4f4559ca" sha1="41ecec82cda6622d42455fedeed41318223370c1" />
		<rom name="s03.7f" size="32" crc="529edab1" sha1="9993c00abf075b7148513af65d57703e523617f4" />
	</machine>
	<machine name="pacman25s04">
		<description>Pac Man 25 - (Chomp Ms Pac Em SJB Maps)</description>
		<year>2021</year>
		<manufacturer>T-Bone</manufacturer>
		<rom name="maps1.s04" size="4096" crc="5a031fe9" sha1="e46dc81a7258090d39428560406d995f76089a92" />
		<rom name="maps2.s04" size="4096" crc="ca55c3ca" sha1="e07f7845cf788d7fbe6dde765373ed3c57b8b7d8" />
		<rom name="maps3.s04" size="4096" crc="c89f8526" sha1="95283483cd87b76db82b6d9e1257e02243d076bc" />
		<rom name="maps4.s04" size="4096" crc="e724ed75" sha1="6bad6b188d93071951b1a79d310ce5ff5ef3f56e" />
		<rom name="s04.4a" size="256" crc="ee240b8f" sha1="e21837a9e42c80175260b3f727d9b0d32b403402" />
		<rom name="s04.5e" size="4096" crc="271be184" sha1="f37dd55523aa6ad3ce002284aba7149335d58926" />
		<rom name="s04.6j" size="4096" crc="e6ba63fb" sha1="6d22a568151ac2ddac53d959f56a1a1fc75141f5" />
		<rom name="s04.7f" size="32" crc="933f85e1" sha1="d9ecab6272db185a14f488a8f88a6ff20d570cfd" />
	</machine>
	<machine name="pacman25s05">
		<description>Pac Man 25 - (Chomp Ms Pac Em)</description>
		<year>2021</year>
		<manufacturer>T-Bone</manufacturer>
		<rom name="maps1.s05" size="4096" crc="537f2f36" sha1="87dcae6fab0692534384e9d0a76a8bddeac0f045" />
		<rom name="maps2.s05" size="4096" crc="53075f4c" sha1="771464527b3f61a01410fdac3a5897a66b6a05c4" />
		<rom name="maps4.s05" size="4096" crc="f23b482e" sha1="394c1a092b638e9ce2fb5c4c321b1e3e42fb2418" />
	</machine>
	<machine name="pacman25s06">
		<description>Pac Man 25 - (Cookie Man)</description>
		<year>2021</year>
		<manufacturer>T-Bone</manufacturer>
		<rom name="maps1.s06" size="4096" crc="c1e5f099" sha1="388b85f82053c61ffa491c80262cd19907cf9fe3" />
		<rom name="maps2.s06" size="4096" crc="e0f5720d" sha1="9be19ba2153bae983eb912d6c93f7d82b285020a" />
		<rom name="s06.5e" size="4096" crc="12c5fd3e" sha1="9a580c362b04336a0999f0bc06d3bcea67352d39" />
		<rom name="s06.6j" size="4096" crc="5f531db3" sha1="beceec3f0b4590760625145d2be1f8861b6f8559" />
	</machine>
	<machine name="pacman25s07">
		<description>Pac Man 25 - (FHMC Sil 13 Mazes)</description>
		<year>2021</year>
		<manufacturer>T-Bone</manufacturer>
		<rom name="maps1.s07" size="4096" crc="b0008a08" sha1="07c70cb0d4d7916f9d956e7de4b9589e9050e6c9" />
	</machine>
	<machine name="pacman25s08">
		<description>Pac Man 25 - (Namco Mazes Alternate)</description>
		<year>2021</year>
		<manufacturer>T-Bone</manufacturer>
		<rom name="maps1.s08" size="4096" crc="1385bca4" sha1="4596515d34b39e9abaa2da7e2a723a3aac481bf6" />
		<rom name="maps2.s08" size="4096" crc="70f5312e" sha1="b77da874f645e47a4d3ca5cf54948498cc73f3fc" />
		<rom name="maps3.s08" size="4096" crc="0a3a7f41" sha1="0ab7cd64905c327917a851de7b4dd32be4454362" />
		<rom name="maps4.s08" size="4096" crc="97eca9d9" sha1="f881a7c19dd1dd3c3e08281df1af13d2a47805d0" />
		<rom name="s08.5e" size="4096" crc="f7cbd6f3" sha1="180d264f2fb594d3aedfe8f642d8919a59485042" />
		<rom name="s08.6j" size="4096" crc="1d5fea00" sha1="e3ef689e95aaf1f49f7943b837dcd3f49c6c1b92" />
	</machine>
	<machine name="pacman25s09">
		<description>Pac Man 25 - (Namco Mazes Featuring Ms Pac-Man)</description>
		<year>2021</year>
		<manufacturer>T-Bone</manufacturer>
		<rom name="maps1.s09" size="4096" crc="95e36ec3" sha1="c1fe4278a6115b8c1f345fba09b8c6243d68265a" />
		<rom name="s09.5e" size="4096" crc="833822e4" sha1="c2b4dfa2714e85c2e3937cf036b23beccc30a66a" />
		<rom name="s09.5f" size="4096" crc="38ec5122" sha1="e333ce7084be5dfdbb0cec8df3ec58d6ba1669c6" />
		<rom name="s09.6j" size="4096" crc="72363463" sha1="9d12039b94b8fd68911bf27e1d610ddd03027be2" />
	</machine>
	<machine name="pacman25s10">
		<description>Pac Man 25 - (Namco Mazes)(PAC-MAN Classic Look)</description>
		<year>2021</year>
		<manufacturer>T-Bone</manufacturer>
		<rom name="maps1.s10" size="4096" crc="5ddee88e" sha1="19aedfb8ab3756da4ef726144e57c89cfd006bf6" />
	</machine>
	<machine name="pacman25s12">
		<description>Pac Man 25 - (SJB Mazes)</description>
		<year>2021</year>
		<manufacturer>T-Bone</manufacturer>
		<rom name="maps1.s12" size="4096" crc="da3e319f" sha1="e146e422d4c828ad0299bc234d2ce4921d7ce7e2" />
		<rom name="maps2.s12" size="4096" crc="f31a519a" sha1="1054462ee03317e0f3df08d539c357a6c6ba423b" />
		<rom name="maps3.s12" size="4096" crc="f6879287" sha1="6040c599f6bc8349c5b3dbdab8036904e19d7553" />
		<rom name="maps4.s12" size="4096" crc="19f73019" sha1="076c4e60b808eec467aae69564491cc9afc4ddb4" />
		<rom name="s12.4a" size="256" crc="b47466e7" sha1="586f384f9c40559407bf9fcfe3cdef39308257ca" />
		<rom name="s12.6j" size="4096" crc="cc6e2584" sha1="caa82a7556201287cddf3aaadfc1dd41b24bde41" />
		<rom name="s12.7f" size="32" crc="106f6ae6" sha1="7b7f42afce177fe9cc65efdb7acf14add3ce6837" />
	</machine>
	<machine name="pacman25s13">
		<description>Pac Man 25 - (T-Bone Mazes)</description>
		<year>2021</year>
		<manufacturer>T-Bone</manufacturer>
		<rom name="maps1.s13" size="4096" crc="d0408136" sha1="302d4ec9e77f26afdd34e6225581503f6d326e0a" />
		<rom name="maps2.s13" size="4096" crc="d359bf35" sha1="ecd38c53799aa19dd694e491adb9223f016032db" />
		<rom name="maps3.s13" size="4096" crc="1f6aabe9" sha1="6c22da37de6dcf6192a64d759a868ce4a5fe98b9" />
		<rom name="maps4.s13" size="4096" crc="e2da3bc6" sha1="67cb17d5e497d447225ad2cc4f969ee84d55b45d" />
		<rom name="s13.5e" size="4096" crc="f8cdece3" sha1="163a244c457a6a42b5226226dca3956c929ad905" />
		<rom name="s13.6j" size="4096" crc="a44ca164" sha1="249b5f392b269b613bae765bef19cfd484552dc8" />
	</machine>
	<machine name="pacman25s14">
		<description>Pac Man 25 - (Tengen Mazes)(PAC-MAN Classic Look)</description>
		<year>2021</year>
		<manufacturer>T-Bone</manufacturer>
		<rom name="maps1.s14" size="4096" crc="c5cecfff" sha1="49ca1afc2dceb81fc6b125fa55dface5e4a8d729" />
		<rom name="maps2.s14" size="4096" crc="448a0986" sha1="663fb0f7877dcb9c62f331ef351209ddeec2ed96" />
		<rom name="maps3.s14" size="4096" crc="f104cd96" sha1="f5e7e5ba3b4aff072fcba60a76d76dd23b10c11d" />
		<rom name="s14.6j" size="4096" crc="a89dec09" sha1="09dabbad1ba392615d3b56aeeca279cfe86c2cb8" />
	</machine>
	<machine name="pacman25s15">
		<description>Pac Man 25 - (Tengen Mazes)</description>
		<year>2021</year>
		<manufacturer>T-Bone</manufacturer>
		<rom name="maps1.s15" size="4096" crc="9ca458de" sha1="6470981e18aaa276167c98e3f8a8747760aef8df" />
	</machine>
	<machine name="pacman25s16">
		<description>Pac Man 25 - (Tengen Mini Mazes)(PAC-MAN Classic Look)</description>
		<year>2021</year>
		<manufacturer>T-Bone</manufacturer>
		<rom name="maps1.s16" size="4096" crc="50854c07" sha1="3b6ec6789889098680bf133ef5c7544efa5861e1" />
		<rom name="maps3.s16" size="4096" crc="68e5c9a5" sha1="0365b30bc1ed3cf040ae8e270426d6cf3f95bc95" />
		<rom name="maps4.s16" size="4096" crc="56d88c05" sha1="5e9e0bbeda420bcb9c5f01afc3cc0881eba46ae7" />
		<rom name="s16.6j" size="4096" crc="97a986ad" sha1="115ba8b888828e4c498febd1e493f48ececdb409" />
	</machine>
	<machine name="pacman25s17">
		<description>Pac Man 25 - (Tengen Mini Mazes)</description>
		<year>2021</year>
		<manufacturer>T-Bone</manufacturer>
		<rom name="maps1.s17" size="4096" crc="09efdb26" sha1="1b467a79ea52e829b954cc8392b8f4898accfb35" />
	</machine>
	<machine name="pacman25s18">
		<description>Pac Man 25 - (Tengen Tall Mazes)(PAC-MAN Classic Look)</description>
		<year>2021</year>
		<manufacturer>T-Bone</manufacturer>
		<rom name="maps1.s18" size="4096" crc="6e6e7ad5" sha1="785f1315ac4b69c4fdb09e9a36648482337c7310" />
		<rom name="maps2.s18" size="4096" crc="9c5b4b57" sha1="3b4863bbd3ae2ebea58b09fae33dbcd7816088a6" />
		<rom name="maps3.s18" size="4096" crc="cdb902dc" sha1="6f711dbd4ca29bde4341c8030d61beefc564c719" />
		<rom name="maps4.s18" size="4096" crc="0718ef8f" sha1="6fac422485a374fb0b536ad1ad577afe2064718f" />
		<rom name="s18.6j" size="4096" crc="96158800" sha1="d93c12f52a683d591a95a8891ad22f55c513a0db" />
	</machine>
	<machine name="pacman25s19">
		<description>Pac Man 25 - (Tengen Tall Mazes)</description>
		<year>2021</year>
		<manufacturer>T-Bone</manufacturer>
		<rom name="maps1.s19" size="4096" crc="86406f02" sha1="ab7b3b3b088f5ae9ac5bdb02ca2b0e768f4cb00d" />
	</machine>
	<machine name="pacman25s20">
		<description>Pac Man 25 - (Ultra Pac-Man)</description>
		<year>2021</year>
		<manufacturer>T-Bone</manufacturer>
		<rom name="maps1.s20" size="4096" crc="5e9e7661" sha1="e1da102a74533baf5db2c483273ed616edcf8420" />
	</machine>
	<machine name="pacman25s21">
		<description>Pac Man 25 - Pac Man + Tournament (Set 1)</description>
		<year>2021</year>
		<manufacturer>T-Bone</manufacturer>
		<rom name="maps1.s21" size="4096" crc="5755ab7c" sha1="79c8871f825a8bbc10d86eadbd418361107cf2c6" />
		<rom name="maps2.s21" size="4096" crc="8cb86222" sha1="a954e3d94cc7bc342e25ea230ecff00112bf57b9" />
		<rom name="maps3.s21" size="4096" crc="841a5951" sha1="d8e8feb7cd382330bb21692469290761117c12aa" />
		<rom name="maps4.s21" size="4096" crc="85ed3b82" sha1="c7dec0f7d03ca8c1afdb42e56a0a59cd666ac181" />
		<rom name="s21.6j" size="4096" crc="cb38a821" sha1="621491bdc61da325084819c49de79206fe00be6d" />
	</machine>
	<machine name="pacman25s22">
		<description>Pac Man 25 - Pac Man + Tournament (Set 2)</description>
		<year>2021</year>
		<manufacturer>T-Bone</manufacturer>
		<rom name="maps1.s22" size="4096" crc="aa578681" sha1="fd3758e6e6526a49365415a37c75ea7d79f79b4b" />
		<rom name="maps2.s22" size="4096" crc="e49cbfe7" sha1="74c429a5388b2dc419fdecf4e2e10b4c434b3856" />
		<rom name="maps3.s22" size="4096" crc="f42821b0" sha1="7b1744a399b2105b69c13804d391a9a45a74b637" />
		<rom name="maps4.s22" size="4096" crc="9e7b539d" sha1="e295c424517bd343d17fff084bd2ab0473acd41b" />
		<rom name="s22.5e" size="4096" crc="9be20ee1" sha1="3fa600a9ba21683ed6ce950e02529274c981e3d7" />
		<rom name="s22.6j" size="4096" crc="d24028ce" sha1="afae8d808bd6e15fcfadc969a0f361876a62065a" />
	</machine>
	<machine name="pacman25s23">
		<description>Pac Man 25 - Pac Man + Tournament (Set 3)</description>
		<year>2021</year>
		<manufacturer>T-Bone</manufacturer>
		<rom name="maps1.s23" size="4096" crc="1adb75f0" sha1="8f43f8f8dff684b6d082fba73c2996e5e0dd4cbc" />
		<rom name="maps2.s23" size="4096" crc="688c496c" sha1="87ed9bc231904b0fedbcd55b3917d9b806b369db" />
		<rom name="maps3.s23" size="4096" crc="07867444" sha1="2bc870081a621cb931de730e4b88b30b2823fb9d" />
		<rom name="maps4.s23" size="4096" crc="5b0609b7" sha1="ef45c45e748616bbe3c9e64ab0d45651aff3238a" />
		<rom name="s23.6j" size="4096" crc="5d4e2de8" sha1="f3d6fbecc412ce8ead6c98f31154cabbf3e7ed05" />
	</machine>
	<machine name="pacman25s24">
		<description>Pac Man 25 - Pac Man + Tournament (Set 4)</description>
		<year>2021</year>
		<manufacturer>T-Bone</manufacturer>
		<rom name="maps1.s24" size="4096" crc="53ed11fd" sha1="1041173cfa5646e1eb80777aba2aa4deac4828ac" />
		<rom name="maps2.s24" size="4096" crc="99824404" sha1="4c587ed1a60cbcde7b3505aaf212e6745cad5bb0" />
		<rom name="maps3.s24" size="4096" crc="241b37bc" sha1="93d84983ec1201cd8b1d9b7568ba9ad1bdcf8ca8" />
		<rom name="maps4.s24" size="4096" crc="6eb73bb1" sha1="bffa744f49b8f538aa1efbdc403da35ea8b677c6" />
		<rom name="s24.6j" size="4096" crc="d780169c" sha1="4caa6f8eedb610dcaa6fce99899084469063c717" />
	</machine>
	<machine name="pacman25s25">
		<description>Pac Man 25 - Pac Man + Tournament (Set 5)</description>
		<year>2021</year>
		<manufacturer>T-Bone</manufacturer>
		<rom name="maps1.s25" size="4096" crc="d769498a" sha1="025f49dae14dcfc626b71740ce2dff9b937ed2e2" />
		<rom name="maps2.s25" size="4096" crc="82c8c3d4" sha1="3198011c217ea7a669018a7bbb29bf909f870405" />
		<rom name="maps3.s25" size="4096" crc="7617939f" sha1="3dfd72d9f7021d2b811e5e3777b7e8e963191de6" />
		<rom name="maps4.s25" size="4096" crc="49fa7824" sha1="45287767e6ab7f3aa9d6a9d2a7832070a7d2d294" />
		<rom name="s25.5e" size="4096" crc="b332a47d" sha1="417fa119a4b62bc2e954fbf2ce4a2237be96f55a" />
		<rom name="s25.6j" size="4096" crc="bb54b431" sha1="09557e1098fb9762bf44d4b25acd3088130fecbd" />
	</machine>
	<machine name="pacman25s26">
		<description>Pac Man 25 - Pac Man + Tournament (Set 6)</description>
		<year>2021</year>
		<manufacturer>T-Bone</manufacturer>
		<rom name="maps1.s26" size="4096" crc="f2e50017" sha1="a6a1cc26c34bf140b05e8ae6720688c272cb704e" />
		<rom name="maps2.s26" size="4096" crc="534e9339" sha1="399eea6827d8b78942683fb7af50539ff57e09eb" />
		<rom name="maps3.s26" size="4096" crc="92805999" sha1="f1df6576a587dcd663b39518ab647c9711130a95" />
		<rom name="maps4.s26" size="4096" crc="b12300a9" sha1="2ee84d567416b2ca16a4ee5e5a2c6c389c62c2e8" />
	</machine>
	<machine name="pacman25s27">
		<description>Pac Man 25 - Pac Man + Tournament - 360 Escape</description>
		<year>2021</year>
		<manufacturer>T-Bone</manufacturer>
		<rom name="maps1.s27" size="4096" crc="f53f1ed9" sha1="b270d94de2649fc6fdf6db88c7223597151cbfa2" />
		<rom name="maps2.s27" size="4096" crc="134d64d4" sha1="736c77e468db7883d5871ca8895c3fdc0b8d0686" />
		<rom name="s27.4a" size="256" crc="4fc62815" sha1="ccc7a5d081186af0efdf07f0ac80d81451ba6f2f" />
	</machine>
	<machine name="pacman25s28">
		<description>Pac Man 25 - Pac Man + Tournament - Alien</description>
		<year>2021</year>
		<manufacturer>T-Bone</manufacturer>
		<rom name="maps1.s28" size="4096" crc="8bed1880" sha1="b5bc2dfb3828caa5abcf74dd89337758523d3913" />
		<rom name="s28.4a" size="256" crc="8c242882" sha1="7dd1484133c045c58ce00a84b7234c71dd29ee70" />
		<rom name="s28.7f" size="32" crc="e29efa9c" sha1="a21f169e509a3ba5cde56650a4670d91967523a0" />
	</machine>
	<machine name="pacman25s29">
		<description>Pac Man 25 - Pac Man + Tournament - Arcade</description>
		<year>2021</year>
		<manufacturer>T-Bone</manufacturer>
		<rom name="maps1.s29" size="4096" crc="88dd69b9" sha1="3425a1e7f25a0c9feea2b617109f9b4f9eda012b" />
	</machine>
	<machine name="pacman25s30">
		<description>Pac Man 25 - Pac Man + Tournament - Beach</description>
		<year>2021</year>
		<manufacturer>T-Bone</manufacturer>
		<rom name="maps1.s30" size="4096" crc="3584fd52" sha1="74efe77b63e4c6e2dc60c0e28042da38b8bf16f6" />
		<rom name="s30.4a" size="256" crc="88d9547a" sha1="a9a391e42daa823d67ff0127fe01e21705e00af1" />
		<rom name="s30.7f" size="32" crc="93a89e2e" sha1="585ebf68746f13ef88b8af2f4d63d20ea9ccdad2" />
	</machine>
	<machine name="pacman25s31">
		<description>Pac Man 25 - Pac Man + Tournament - Beetle</description>
		<year>2021</year>
		<manufacturer>T-Bone</manufacturer>
		<rom name="maps1.s31" size="4096" crc="48581cc3" sha1="156fc9360b4cdc68fef56a40c948ffea9bc56bc3" />
		<rom name="s31.4a" size="256" crc="613acf6f" sha1="59ab8835ad3a0096f757ec879bd546037a309d4a" />
		<rom name="s31.7f" size="32" crc="82adb5b0" sha1="880fc08de17e05c93726f77223f8d5f853dfe022" />
	</machine>
	<machine name="pacman25s32">
		<description>Pac Man 25 - Pac Man + Tournament - Blue</description>
		<year>2021</year>
		<manufacturer>T-Bone</manufacturer>
		<rom name="maps1.s32" size="4096" crc="d8b3bfb4" sha1="cb5981fa6b2294e35dcba7dc77057268a2d5b53b" />
		<rom name="s32.4a" size="256" crc="ad627d98" sha1="dab07579f4c798477bf9f9be6530fca26c63c370" />
		<rom name="s32.7f" size="32" crc="e27d1a18" sha1="ae63512cea3b46fc22c7507d34178501b3c5ab80" />
	</machine>
	<machine name="pacman25s33">
		<description>Pac Man 25 - Pac Man + Tournament - Boys</description>
		<year>2021</year>
		<manufacturer>T-Bone</manufacturer>
		<rom name="maps1.s33" size="4096" crc="cd813782" sha1="03dfee86162be09b2eb97798a385afe42acdb4c6" />
		<rom name="s33.4a" size="256" crc="f3689416" sha1="a401d2c854ecd5e830bc40cde7f14a2c9ccb0f0f" />
		<rom name="s33.7f" size="32" crc="399600bf" sha1="6d8a25616685c51342d3e8aee8337829d1c0fe17" />
	</machine>
	<machine name="pacman25s34">
		<description>Pac Man 25 - Pac Man + Tournament - Candyland</description>
		<year>2021</year>
		<manufacturer>T-Bone</manufacturer>
		<rom name="maps1.s34" size="4096" crc="5ad2442d" sha1="eacc995e9c9282e896659bf8250d7b7f0bc61381" />
		<rom name="s34.4a" size="256" crc="190b4854" sha1="76b208770f3c681e4bdd64c7089da09a2763c31e" />
		<rom name="s34.7f" size="32" crc="9978108f" sha1="ca4500f56f808f11bf8e96892ffe08afb3bc0467" />
	</machine>
	<machine name="pacman25s35">
		<description>Pac Man 25 - Pac Man + Tournament - Chase</description>
		<year>2021</year>
		<manufacturer>T-Bone</manufacturer>
		<rom name="maps1.s35" size="4096" crc="5a91d478" sha1="b28ab88397d0670857bfa65a8f10c503eba47b55" />
		<rom name="s35.4a" size="256" crc="db377c41" sha1="67f67b1808b101171ad71e59865b93b4c8705137" />
		<rom name="s35.7f" size="32" crc="aef83add" sha1="3991df650749a10189e6c10b33a4a8383c879072" />
	</machine>
	<machine name="pacman25s36">
		<description>Pac Man 25 - Pac Man + Tournament - Cherries</description>
		<year>2021</year>
		<manufacturer>T-Bone</manufacturer>
		<rom name="maps1.s36" size="4096" crc="a092015e" sha1="e936996a693a0693a88ca708f05ec2d7e561f29c" />
		<rom name="s36.4a" size="256" crc="9a64b83b" sha1="60ce3756924a1a448a4ad04b2eaa7113039b896b" />
		<rom name="s36.7f" size="32" crc="a7f74729" sha1="e6f127468f94924eee3337c7c43ac2e2be24fb4b" />
	</machine>
	<machine name="pacman25s37">
		<description>Pac Man 25 - Pac Man + Tournament - Chocolate</description>
		<year>2021</year>
		<manufacturer>T-Bone</manufacturer>
		<rom name="maps1.s37" size="4096" crc="1ae14081" sha1="656ed7ae6a3fb4d68a845fca3236273c91618c33" />
		<rom name="s37.4a" size="256" crc="acdc393a" sha1="5cbb1df9f9c2f9d0e666ee8fb27fffed84986242" />
		<rom name="s37.7f" size="32" crc="6066666f" sha1="bacb8fb169b430cd9acba38c0012246e977bc3f4" />
	</machine>
	<machine name="pacman25s38">
		<description>Pac Man 25 - Pac Man + Tournament - Colors</description>
		<year>2021</year>
		<manufacturer>T-Bone</manufacturer>
		<rom name="maps1.s38" size="4096" crc="4d2777d4" sha1="a725a462a4fecdfce877716ab3fb07b81d674a87" />
		<rom name="s38.4a" size="256" crc="0fefca43" sha1="e431aea84300c9c70171c0b5e54182c36a3f8fb5" />
		<rom name="s38.7f" size="32" crc="674edc19" sha1="0d1d5d17b5bc0c0833205637437bce28917d2e82" />
	</machine>
	<machine name="pacman25s39">
		<description>Pac Man 25 - Pac Man + Tournament - Cookie</description>
		<year>2021</year>
		<manufacturer>T-Bone</manufacturer>
		<rom name="maps1.s39" size="4096" crc="02edd1da" sha1="cd97f77b6998410f46d51b2f2195be13fbe0e7eb" />
		<rom name="s39.4a" size="256" crc="7b66fa45" sha1="fb75769c22a7ee2abe44c33307bad2a82e1423dd" />
		<rom name="s39.7f" size="32" crc="29cd6f11" sha1="84f878cdc4df2285632cba22e3472e0eee43c896" />
	</machine>
	<machine name="pacman25s40">
		<description>Pac Man 25 - Pac Man + Tournament - Cup</description>
		<year>2021</year>
		<manufacturer>T-Bone</manufacturer>
		<rom name="maps1.s40" size="4096" crc="e3ff416c" sha1="87490a284a4fbf3f597b9af4c028feff81584ae1" />
		<rom name="s40.4a" size="256" crc="ba4c0ca8" sha1="ee4029e257c2b5254e1ace4ed58d2784eae1984d" />
		<rom name="s40.7f" size="32" crc="87fa898e" sha1="33782f5257d03a1e1b587111381f61f534026cd5" />
	</machine>
	<machine name="pacman25s41">
		<description>Pac Man 25 - Pac Man + Tournament - Dice</description>
		<year>2021</year>
		<manufacturer>T-Bone</manufacturer>
		<rom name="maps1.s41" size="4096" crc="d0c91516" sha1="9cdce67c73b150d778f7325af4dffa04f271b969" />
		<rom name="maps2.s41" size="4096" crc="d080fc6e" sha1="1e4b03c2cfdff4d8d63ad3cea8ef504dcb50163c" />
		<rom name="s41.4a" size="256" crc="89092690" sha1="35c9c9f1946505229513df8a72e02e937bb75865" />
		<rom name="s41.7f" size="32" crc="4560fc25" sha1="8ceda21b6dbf4e18016ef168a342b5eba2ac0aa7" />
	</machine>
	<machine name="pacman25s42">
		<description>Pac Man 25 - Pac Man + Tournament - Dinos</description>
		<year>2021</year>
		<manufacturer>T-Bone</manufacturer>
		<rom name="maps1.s42" size="4096" crc="a4e2440b" sha1="d5e43f822c63d69c9668eb08d134788ec805315c" />
		<rom name="s42.4a" size="256" crc="7f4c69e7" sha1="9d28c895db6f0339f85cbb0fb6a8b529aa3214ec" />
		<rom name="s42.7f" size="32" crc="d3e4ab03" sha1="657bec63bc8c4c64c1d115125a53550f1e5f4515" />
	</machine>
	<machine name="pacman25s43">
		<description>Pac Man 25 - Pac Man + Tournament - Dragon</description>
		<year>2021</year>
		<manufacturer>T-Bone</manufacturer>
		<rom name="maps1.s43" size="4096" crc="20142fce" sha1="64f0f2647babbe7fb432625565661d1f93415a94" />
		<rom name="maps3.s43" size="4096" crc="1485424a" sha1="bc16606344d726e87f2108dc26b78ba42f93b668" />
		<rom name="s43.4a" size="256" crc="250d5ec2" sha1="cfe0dd2634cba522d0e242d2e5a7581e45143803" />
		<rom name="s43.7f" size="32" crc="40f00b15" sha1="f5ef4294e36b8522b3e39e6ef51861356e2f898a" />
	</machine>
	<machine name="pacman25s44">
		<description>Pac Man 25 - Pac Man + Tournament - Fire</description>
		<year>2021</year>
		<manufacturer>T-Bone</manufacturer>
		<rom name="maps1.s44" size="4096" crc="6dfad142" sha1="36f15ba33df562b6ebc40634de3266d90afd8837" />
		<rom name="s44.4a" size="256" crc="e7d8f21c" sha1="37eed42438e76399289f3fe83ee33de6bf604e98" />
		<rom name="s44.7f" size="32" crc="4a347fdc" sha1="5d90fe082baccc48c14dc7a34aa096f20b3a809e" />
	</machine>
	<machine name="pacman25s45">
		<description>Pac Man 25 - Pac Man + Tournament - Fountain</description>
		<year>2021</year>
		<manufacturer>T-Bone</manufacturer>
		<rom name="maps1.s45" size="4096" crc="79d5dd5a" sha1="6f3d5f6a0a061977de2ab7ccae0f335395b176e3" />
		<rom name="s45.4a" size="256" crc="614deaf8" sha1="8aded7618f65cf611c9657b1f6d65162add8aada" />
		<rom name="s45.7f" size="32" crc="7cdeea85" sha1="c37a63f0fc16321ba82473e74abf97f8742cc86d" />
	</machine>
	<machine name="pacman25s46">
		<description>Pac Man 25 - Pac Man + Tournament - Garden</description>
		<year>2021</year>
		<manufacturer>T-Bone</manufacturer>
		<rom name="maps1.s46" size="4096" crc="9356a14f" sha1="bc17fa914596e0aee0ca5145638c827807fa129c" />
		<rom name="s46.4a" size="256" crc="328d01d3" sha1="d100dfa426914a04a3d1e0dea2fd6b8fa9c2ef5e" />
		<rom name="s46.7f" size="32" crc="dbf2024d" sha1="fc63afa28bc6219fe76e419b2723900979a5b47f" />
	</machine>
	<machine name="pacman25s47">
		<description>Pac Man 25 - Pac Man + Tournament - Girder</description>
		<year>2021</year>
		<manufacturer>T-Bone</manufacturer>
		<rom name="maps1.s47" size="4096" crc="437535b2" sha1="60de7771a15a70b769dcdd30d410ef76d9cfa4e4" />
		<rom name="s47.4a" size="256" crc="55956331" sha1="e6b6410893fdbdb4215e89aa6edfa45d5ec69ba1" />
		<rom name="s47.7f" size="32" crc="e166fbb3" sha1="182e8fa546ebdbc5ccb2d61c693a47b32e1949c5" />
	</machine>
	<machine name="pacman25s48">
		<description>Pac Man 25 - Pac Man + Tournament - Girl</description>
		<year>2021</year>
		<manufacturer>T-Bone</manufacturer>
		<rom name="maps1.s48" size="4096" crc="faf7915f" sha1="959b59577266099ac0f9b007ccdb834cd3953abd" />
		<rom name="maps2.s48" size="4096" crc="e3531b47" sha1="1f0637e646b4ec06681cfb03c6dda9870e582634" />
		<rom name="s48.4a" size="256" crc="cddf79ef" sha1="de217f88c4a6d7079c0af2a728a3a98387345141" />
		<rom name="s48.7f" size="32" crc="2cb015b3" sha1="5fe0d77f539f19265b71eaa7fe9a7484aa78f37b" />
	</machine>
	<machine name="pacman25s49">
		<description>Pac Man 25 - Pac Man + Tournament - Infinate</description>
		<year>2021</year>
		<manufacturer>T-Bone</manufacturer>
		<rom name="maps1.s49" size="4096" crc="ec201919" sha1="4f487dfdc4ef55eedc8b9d3efed02bb50f914aee" />
		<rom name="s49.4a" size="256" crc="8288fab8" sha1="508b17642809612a70b87a69661439f66ea17f3b" />
		<rom name="s49.7f" size="32" crc="97233e02" sha1="6c9115cffd19c885242a4695f1b7ede5ef505133" />
	</machine>
	<machine name="pacman25s50">
		<description>Pac Man 25 - Pac Man + Tournament - Invisible</description>
		<year>2021</year>
		<manufacturer>T-Bone</manufacturer>
		<rom name="maps1.s50" size="4096" crc="9bed9e7d" sha1="d218cd82f1cae0000768b0c36c1502bcd4eb57ae" />
		<rom name="s50.4a" size="256" crc="48db91a5" sha1="5dbcefcce46c90e50a914c2eb803a62ffa8cbec2" />
		<rom name="s50.7f" size="32" crc="1de71b81" sha1="022274d76c4a90410d613c46175ba9ee0d4db62a" />
	</machine>
	<machine name="pacman25s51">
		<description>Pac Man 25 - Pac Man + Tournament - Jailhouse</description>
		<year>2021</year>
		<manufacturer>T-Bone</manufacturer>
		<rom name="maps1.s51" size="4096" crc="fc01b045" sha1="094c35ad464bea6a8ed355fc7d56fd7b428853a8" />
		<rom name="s51.4a" size="256" crc="86f4683a" sha1="80d7f44681fdec0aa9752a01d6d2bc1dc9a8ca91" />
		<rom name="s51.7f" size="32" crc="4791c5db" sha1="3a44180c449c78be6efd72e56410e9f2b46cae98" />
	</machine>
	<machine name="pacman25s52">
		<description>Pac Man 25 - Pac Man + Tournament - kaleidoscope</description>
		<year>2021</year>
		<manufacturer>T-Bone</manufacturer>
		<rom name="s52.4a" size="256" crc="04ed9db7" sha1="c84304266141285f80e79f6459f0424e6592c567" />
		<rom name="s52.7f" size="32" crc="52497aed" sha1="2f4971d303179b3ff26eed9cd2a1e29153fa33e3" />
	</machine>
	<machine name="pacman25s53">
		<description>Pac Man 25 - Pac Man + Tournament - Minutes</description>
		<year>2021</year>
		<manufacturer>T-Bone</manufacturer>
		<rom name="maps1.s53" size="4096" crc="6309745c" sha1="80367345a35ae35a1829d0a28f2828c9b2cd7c3f" />
		<rom name="maps3.s53" size="4096" crc="b0340c24" sha1="8c9bc6203b1239c6b21ebf45afe54e05949b6e7e" />
		<rom name="s53.4a" size="256" crc="0acefb22" sha1="25d7db606c9bb5dfce04cd70cf7ef924dfe93437" />
		<rom name="s53.7f" size="32" crc="1979f31d" sha1="57a23c7a998c7418e9d3e25c1ae95b8676471635" />
	</machine>
	<machine name="pacman25s54">
		<description>Pac Man 25 - Pac Man + Tournament - Night Flower</description>
		<year>2021</year>
		<manufacturer>T-Bone</manufacturer>
		<rom name="maps1.s54" size="4096" crc="831c8e4e" sha1="773fb53063cc14b5dc010845a069f51a2b345ec6" />
		<rom name="s54.4a" size="256" crc="c0785fe6" sha1="fcac92ba4ba8ad777a86c197b840552f6ccfd116" />
		<rom name="s54.7f" size="32" crc="0b03add5" sha1="4c39d6612df9b73bf7a3d18d84c63998b7ac838d" />
	</machine>
	<machine name="pacman25s55">
		<description>Pac Man 25 - Pac Man + Tournament - Night</description>
		<year>2021</year>
		<manufacturer>T-Bone</manufacturer>
		<rom name="maps1.s55" size="4096" crc="a8167f3e" sha1="60bdaffa1ef7b851fea39e8f4f7b3ff5b4d1745a" />
		<rom name="s55.4a" size="256" crc="8726b275" sha1="a094bf980b96bc0a9dc3446d12795694eb12c5d1" />
		<rom name="s55.7f" size="32" crc="c78e5695" sha1="dac7430ac599f250b5d19bacdb607b9823d4914b" />
	</machine>
	<machine name="pacman25s56">
		<description>Pac Man 25 - Pac Man + Tournament - No Escape</description>
		<year>2021</year>
		<manufacturer>T-Bone</manufacturer>
		<rom name="maps1.s56" size="4096" crc="94fa662f" sha1="e0358c270e9bd59855c10b6e4fd474c11291d2b7" />
		<rom name="s56.4a" size="256" crc="18214488" sha1="4e7b916e0747d2129a7c2872fccc2b448c6bebfb" />
		<rom name="s56.7f" size="32" crc="d71ab5fb" sha1="53e41abefb535043fa99242a54e16c8cf4854302" />
	</machine>
	<machine name="pacman25s57">
		<description>Pac Man 25 - Pac Man + Tournament - Opposite</description>
		<year>2021</year>
		<manufacturer>T-Bone</manufacturer>
		<rom name="maps1.s57" size="4096" crc="87af8fb9" sha1="a2232c3c904eddc16a3b241ac508ab7b24ec41c7" />
		<rom name="maps2.s57" size="4096" crc="4360db73" sha1="1aab3eac95a499d7946393f5a4941ce7946a42fb" />
		<rom name="s57.4a" size="256" crc="f53aca43" sha1="ad14d7821a4f4d9a2d5de48272fc6e52c272f004" />
		<rom name="s57.7f" size="32" crc="62ea96fa" sha1="5540473c9a5f48b9b23221a77d138e14078e3884" />
	</machine>
	<machine name="pacman25s58">
		<description>Pac Man 25 - Pac Man + Tournament - Pig</description>
		<year>2021</year>
		<manufacturer>T-Bone</manufacturer>
		<rom name="maps1.s58" size="4096" crc="eb2ade9d" sha1="0ae61a7172d687db349b148ff24dd515bb38326b" />
		<rom name="s58.7f" size="32" crc="e6e605dc" sha1="de2934bb0846fbc6293e739c089cccb29a9a2822" />
	</machine>
	<machine name="pacman25s59">
		<description>Pac Man 25 - Pac Man + Tournament - Plotted</description>
		<year>2021</year>
		<manufacturer>T-Bone</manufacturer>
		<rom name="s59.4a" size="256" crc="9eb8e345" sha1="ca2ee309c151ff9f3affa09cf9ba3f3f9d27f9e1" />
		<rom name="s59.7f" size="32" crc="fc43438d" sha1="ae056111b4324facdd5ddaf4a701e957b80a8300" />
	</machine>
	<machine name="pacman25s60">
		<description>Pac Man 25 - Pac Man + Tournament - Prismatic</description>
		<year>2021</year>
		<manufacturer>T-Bone</manufacturer>
		<rom name="maps1.s60" size="4096" crc="38808253" sha1="1830d72eadfa8954b0442a64188c16bb50ef247b" />
		<rom name="maps2.s60" size="4096" crc="cf67308d" sha1="321773d41d547071c3dd879c18b40c6ca8525102" />
		<rom name="s60.4a" size="256" crc="e9631103" sha1="0c565e0d9bd5229afd1ed0f0e47c363d13391fae" />
		<rom name="s60.7f" size="32" crc="f4870634" sha1="a9604dfbaa3c677829ec0274d8f38c78bf7badff" />
	</machine>
	<machine name="pacman25s61">
		<description>Pac Man 25 - Pac man + Tournament - Red Bull</description>
		<year>2021</year>
		<manufacturer>T-Bone</manufacturer>
		<rom name="maps1.s61" size="4096" crc="0949455b" sha1="f3233a3dc93e4ff216be53f5db47f9729b6bf974" />
		<rom name="maps2.s61" size="4096" crc="c840132c" sha1="e0586f9931bae47b770d4fa61046e70dbb06b2dd" />
		<rom name="s61.4a" size="256" crc="e4df45f6" sha1="63f56a28aed2feefdf70e2cac147b9799d658b93" />
		<rom name="s61.5e" size="4096" crc="4fd1a79c" sha1="cecee1e24d9d6145c3caff8fb09578e23b27cc45" />
		<rom name="s61.5f" size="4096" crc="a8954742" sha1="38d6878e9fcf8ea61ef79dac21b695ba61f48736" />
		<rom name="s61.6e" size="4096" crc="50a44885" sha1="1e68345ea69134b0be08141a885645e7108138f2" />
		<rom name="s61.6j" size="4096" crc="8c733c5b" sha1="7bb007db821ef3a0a6997586093c86d3dbe93c29" />
		<rom name="s61.7f" size="32" crc="e4e13e7b" sha1="3fb83e27cef0f1ed3288ba56ad9d6bb78d3bf8ed" />
	</machine>
	<machine name="pacman25s62">
		<description>Pac Man 25 - Pac Man + Tournament - Royal</description>
		<year>2021</year>
		<manufacturer>T-Bone</manufacturer>
		<rom name="maps1.s62" size="4096" crc="6d8ceec9" sha1="efe18b23b3ae17bf0f09a480e01280e8c700d890" />
		<rom name="s62.4a" size="256" crc="44177a56" sha1="0ae6a82764a6a1f43e9ad4b61a64db8044caf487" />
		<rom name="s62.7f" size="32" crc="0a648efa" sha1="f2bc229f8022f0df38c01397198529c2030238fc" />
	</machine>
	<machine name="pacman25s63">
		<description>Pac Man 25 - Pac Man + Tournament - Shadow</description>
		<year>2021</year>
		<manufacturer>T-Bone</manufacturer>
		<rom name="maps1.s63" size="4096" crc="8210f432" sha1="39d64199be51b6cc90825cb3e95d0072f03b05f2" />
		<rom name="s63.4a" size="256" crc="a55ea0db" sha1="fafab0cb853c37b561c8d0150da54b699911a504" />
		<rom name="s63.7f" size="32" crc="af657033" sha1="98606951f1055c9dc75e000c7563e89bce915c97" />
	</machine>
	<machine name="pacman25s64">
		<description>Pac Man 25 - Pac Man + Tournament - Ship</description>
		<year>2021</year>
		<manufacturer>T-Bone</manufacturer>
		<rom name="maps1.s64" size="4096" crc="8101f8ff" sha1="5cc73fca5f27a53210de4d67f32e44747e488d0a" />
		<rom name="maps2.s64" size="4096" crc="0d7dd47e" sha1="af8d6ce2dfec6343629a017771eb25703f47945d" />
		<rom name="s64.4a" size="256" crc="ef06041b" sha1="28636f16429c5d633db06906fd4abc0135b553af" />
		<rom name="s64.7f" size="32" crc="fed7d96e" sha1="84aaaf20df52390932682312b22e098cbcd21d3f" />
	</machine>
	<machine name="pacman25s65">
		<description>Pac Man 25 - Pac Man + Tournament - Six Pac</description>
		<year>2021</year>
		<manufacturer>T-Bone</manufacturer>
		<rom name="maps1.s65" size="4096" crc="90aba2c6" sha1="dcc0bf60497d1e05b3409ca6c0d5e66293a6e0f5" />
		<rom name="s65.7f" size="32" crc="02ee19fd" sha1="85c279341323726af91e0ebbe6f6f601261b2553" />
	</machine>
	<machine name="pacman25s66">
		<description>Pac Man 25 - Pac Man + Tournament - Solar System</description>
		<year>2021</year>
		<manufacturer>T-Bone</manufacturer>
		<rom name="maps1.s66" size="4096" crc="7bfe1f07" sha1="7a50eb23a25faa959daaa174a9c03671562ca944" />
		<rom name="s66.4a" size="256" crc="27debe8e" sha1="aed785e0d19ba98838021563fccf4bd85ace77af" />
		<rom name="s66.7f" size="32" crc="9129da4c" sha1="0c9eb69ade5b326b5c3aee08b824e7b5dea129c7" />
	</machine>
	<machine name="pacman25s67">
		<description>Pac Man 25 - Pac Man + Tournament - Square Dance</description>
		<year>2021</year>
		<manufacturer>T-Bone</manufacturer>
		<rom name="maps1.s67" size="4096" crc="029ebe11" sha1="669365b245c2ae25121851b204e474786414adf7" />
		<rom name="maps2.s67" size="4096" crc="ec08217e" sha1="de9f2b8d0c120fb1c77fc641356df7088b959a1e" />
		<rom name="s67.4a" size="256" crc="10a65eae" sha1="4c129a0d2963563438a45d557c8e417cb657a84a" />
		<rom name="s67.7f" size="32" crc="8d0ccc9a" sha1="bc5f38d3bc65c746abba193e6ab66d35e61ae2ab" />
	</machine>
	<machine name="pacman25s68">
		<description>Pac Man 25 - Pac Man + Tournament - Sugar Rush</description>
		<year>2021</year>
		<manufacturer>T-Bone</manufacturer>
		<rom name="maps1.s68" size="4096" crc="9f57aba1" sha1="340cb93efd3a3d23c514ed78417b372e2de632ed" />
		<rom name="s68.4a" size="256" crc="89e451fb" sha1="4b4905cd6f04828deb6bfb3e8d8991000de7be69" />
		<rom name="s68.7f" size="32" crc="e7c11456" sha1="0893674a21d1e657546c38261840f33e87dfb023" />
	</machine>
	<machine name="pacman25s69">
		<description>Pac Man 25 - Pac Man + Tournament - Sushi</description>
		<year>2021</year>
		<manufacturer>T-Bone</manufacturer>
		<rom name="maps1.s69" size="4096" crc="a056f280" sha1="593eff3188c53f67b9b8a9fb3dacdfe210585360" />
		<rom name="s69.4a" size="256" crc="9f47989a" sha1="88010b504d6875dda361b771e94ed717d97092d5" />
		<rom name="s69.7f" size="32" crc="3499816d" sha1="7e55b3883cd5ff6a73c9dc4e9fa881e25bb10d26" />
	</machine>
	<machine name="pacman25s70">
		<description>Pac Man 25 - Pac Man + Tournament - Tilt</description>
		<year>2021</year>
		<manufacturer>T-Bone</manufacturer>
		<rom name="maps1.s70" size="4096" crc="91e0ffdd" sha1="94fa25bf8305959a6871943e4f4fc55ae1fda23e" />
		<rom name="s70.4a" size="256" crc="b84be943" sha1="789e083f127f05f2ded635a051380897785de514" />
		<rom name="s70.7f" size="32" crc="c3859f5d" sha1="1600e1db887932d22faf092d5036548221fdb1be" />
	</machine>
	<machine name="pacman25s71">
		<description>Pac Man 25 - Pac Man + Tournament - Traffic</description>
		<year>2021</year>
		<manufacturer>T-Bone</manufacturer>
		<rom name="maps1.s71" size="4096" crc="e31b4ff2" sha1="87c410176ca4e50382acff6c7acfb1c0b1b6e5e6" />
		<rom name="s71.4a" size="256" crc="2c27cc32" sha1="d0f01a16d092d0f82ec9130af5940fafb96155ee" />
		<rom name="s71.7f" size="32" crc="64fab468" sha1="635c57e8fddd2bfa238567cdf4f9898d8fe900e0" />
	</machine>
	<machine name="pacman25s72">
		<description>Pac Man 25 - Pac Man + Tournament - Trap</description>
		<year>2021</year>
		<manufacturer>T-Bone</manufacturer>
		<rom name="maps1.s72" size="4096" crc="04e97c0d" sha1="bc08be8268973896c8447acbecbfb679be2cb4fe" />
		<rom name="s72.7f" size="32" crc="a5173d8e" sha1="5710c8140d448dfaa68446425ee0d63fd12b8931" />
	</machine>
	<machine name="pacman25s73">
		<description>Pac Man 25 - Pac Man + Tournament - Tunnels</description>
		<year>2021</year>
		<manufacturer>T-Bone</manufacturer>
		<rom name="maps2.s73" size="4096" crc="c559ad02" sha1="67140cf089756e165dedf7cda97a905dea13527b" />
		<rom name="s73.4a" size="256" crc="870642cf" sha1="bcf73e4afe11d02d2b80547094be39ab2cd474e1" />
		<rom name="s73.7f" size="32" crc="c18e3e9a" sha1="49f698aa6a20134521b61bfb30dc3a28a81408b5" />
	</machine>
	<machine name="pacman25s74">
		<description>Pac Man 25 - Pac Man + Tournament - Turtle</description>
		<year>2021</year>
		<manufacturer>T-Bone</manufacturer>
		<rom name="maps1.s74" size="4096" crc="0e862c3a" sha1="a1f9dadf80926f4bacc8f8ce4c8fd69595f7c0f8" />
		<rom name="maps3.s74" size="4096" crc="d00de18f" sha1="51dc6f4fe4e0816f067a7be5be825047966f4f7f" />
		<rom name="s74.4a" size="256" crc="103afc30" sha1="a8b7aa9bb425026558ea0abc16405522d6ec6e5f" />
		<rom name="s74.7f" size="32" crc="1a3db875" sha1="ca41af490ed02f4b9bbb84bbd400797677486668" />
	</machine>
	<machine name="pacman25s75">
		<description>Pac Man 25 - Pac Man + Tournament - Windy</description>
		<year>2021</year>
		<manufacturer>T-Bone</manufacturer>
		<rom name="maps1.s75" size="4096" crc="245ab147" sha1="62b47a899471e4d3258b7192e8278712bcffa303" />
		<rom name="s75.4a" size="256" crc="1865c732" sha1="1a1d50d4b558bc7143ed333e8d7d7e7a917cd5e9" />
		<rom name="s75.7f" size="32" crc="97511b32" sha1="5254615d448bdd9d2ae7cf4c768e2ecd4889fc47" />
	</machine>
	<machine name="pacmini3">
		<description>Pacmini (Maze 3)</description>
		<year>2000</year>
		<manufacturer>T-Bone</manufacturer>
		<rom name="pacmini3.5e" size="4096" crc="0c3e20d7" sha1="ab32160b0d079c83dbd522ac74f11f802e18230e" />
		<rom name="pacmini3.6j" size="4096" crc="e87be2a3" sha1="630116735e53644de3fcc7e7a249cd61105cf9f2" />
	</machine>
	<machine name="pacsmall">
		<description>Pacman (Small Maze)</description>
		<year>2000</year>
		<manufacturer>T-Bone</manufacturer>
		<rom name="pacsmall.6j" size="4096" crc="74c4ce68" sha1="93b7db314969b53644b9fad64c29595ce286ca74" />
	</machine>
	<machine name="upsidpac">
		<description>Pacman (Upsidedown Maze)</description>
		<year>2000</year>
		<manufacturer>T-Bone</manufacturer>
		<rom name="upsidpac.6j" size="4096" crc="c225c48b" sha1="9ec80b13f6da8a4aa7ba5797fd0ee0e69f2d9479" />
	</machine>
</datafile>