<?xml version="1.0" encoding="utf-8"?>
<!DOCTYPE datafile PUBLIC "-//Logiqx//DTD ROM Management Datafile//EN" "http://www.logiqx.com/Dats/datafile.dtd">
<datafile>
	<header>
		<name>MAME - Update CHDs (v0.235 to v0.236)</name>
		<description>MAME - Update CHDs (v0.235 to v0.236)</description>
		<version></version>
		<author></author>
	</header>
	<machine name="bmcmxaac">
		<description>beatmania complete MIX (ver AA-C)</description>
		<year>1999</year>
		<manufacturer>Konami</manufacturer>
		<disk name="858aac11" sha1="31cb039c20783f399885f3d9a7582593dae0ed40" />
	</machine>
</datafile>