<?xml version="1.0" encoding="utf-8"?>
<!DOCTYPE datafile PUBLIC "-//Logiqx//DTD ROM Management Datafile//EN" "http://www.logiqx.com/Dats/datafile.dtd">
<datafile>
	<header>
		<name>aquarius_cart</name>
		<description>Mattel Aquarius cartridges</description>
		<version></version>
		<author></author>
	</header>
	<machine name="addtot">
		<description>Advanced Dungeons and Dragons: Treasure of Tarmin</description>
		<year>1983</year>
		<publisher>Mattel</publisher>
		<rom name="treasue of tarmin.bin" size="16384" crc="2fe95594" sha1="e3e494b9dd9623c92f54cc7d12af29b1103f000f" />
	</machine>
	<machine name="aqcart">
		<description>Aquaricart</description>
		<year>2011</year>
		<publisher>&lt;homebrew&gt;</publisher>
		<rom name="aquaricart_v135.bin" size="1048576" crc="a0844430" sha1="56f53ce63769720b58a74bafb45da35276b72330" />
	</machine>
	<machine name="aqworm">
		<description>Aquariworm</description>
		<year>2020</year>
		<publisher>Cronosoft</publisher>
		<rom name="aworm.bin" size="16384" crc="0cbaa1cf" sha1="95bffb44e66d78c3caee834fd53a876d113e3d25" />
	</machine>
	<machine name="astrsmah">
		<description>Astrosmash</description>
		<year>1983</year>
		<publisher>Mattel</publisher>
		<rom name="astrosmash.bin" size="16384" crc="ce76c898" sha1="f47034bbfacd3042090388f0e459d48a830ab9c6" />
	</machine>
	<machine name="biorhtms">
		<description>Biorhythms</description>
		<year>1983</year>
		<publisher>Mattel</publisher>
		<rom name="biorhythms.bin" size="16384" crc="47e1c47b" sha1="68fccc2c2cb0841496ea1c5681b17cb689ac102a" />
	</machine>
	<machine name="blbasic10">
		<description>Bootloader BASIC v1.0</description>
		<year>2014</year>
		<publisher>&lt;homebrew&gt;</publisher>
		<rom name="blbasic10.bin" size="16384" crc="9f18b1ba" sha1="b3954fbd20623715900d075db7ae17a905b425bc" />
	</machine>
	<machine name="blbasic11">
		<description>Bootloader BASIC v1.1</description>
		<year>2014</year>
		<publisher>&lt;homebrew&gt;</publisher>
		<rom name="blbasic11.bin" size="16384" crc="360c67fe" sha1="eaf41f661150cd34e4c0e09acb49e1f743ce3589" />
	</machine>
	<machine name="blbasic20">
		<description>Bootloader BASIC v2.0</description>
		<year>2014</year>
		<publisher>&lt;homebrew&gt;</publisher>
		<rom name="blbasic20.bin" size="16384" crc="0a6e6dff" sha1="b928cb89aba31cc42105caec7a66489eb0dce214" />
	</machine>
	<machine name="blbasic">
		<description>Bootloader BASIC v2.1</description>
		<year>2014</year>
		<publisher>&lt;homebrew&gt;</publisher>
		<rom name="blbasic21.bin" size="16384" crc="07853524" sha1="a3e2d85cf30dd16ac1afb756c7e718c894db631e" />
	</machine>
	<machine name="blbird">
		<description>BL-Bird</description>
		<year>2015</year>
		<publisher>&lt;homebrew&gt;</publisher>
		<rom name="blbird.bin" size="16384" crc="8291827a" sha1="b25d9df9e86be5d6d49fdf7c7dcdd632ab68b5be" />
	</machine>
	<machine name="btime">
		<description>Burgertime</description>
		<year>1983</year>
		<publisher>Mattel</publisher>
		<rom name="burgertime.bin" size="16384" crc="be678f07" sha1="8b72793cd9cfdd3bd17412bdaf2411ca06bb1abd" />
	</machine>
	<machine name="c1541os">
		<description>C1541 DOS V3.0</description>
		<year>1988</year>
		<publisher>Ron Koenig</publisher>
		<rom name="1541os.bin" size="16384" crc="6cd611e8" sha1="b2c3eabaadf21b463653f0e2bcf7b70c4a13fc39" />
	</machine>
	<machine name="chess">
		<description>Chess</description>
		<year>1983</year>
		<publisher>Mattel</publisher>
		<rom name="chess.bin" size="16384" crc="0243e59f" sha1="7e7a47071d915c6e1408b3618d172daea889f02b" />
	</machine>
	<machine name="demo">
		<description>Demonstration</description>
		<year>1983</year>
		<publisher>Mattel</publisher>
		<rom name="demo.bin" size="16384" crc="bb922570" sha1="049efcd7771c3108e4ba6ed60434f8237fb60307" />
	</machine>
	<machine name="ebasic">
		<description>Extended Microsoft BASIC</description>
		<year>1983</year>
		<publisher>Radofin Electronics</publisher>
		<rom name="extended basic.bin" size="16384" crc="0dba1241" sha1="3559249c4ed6ed0662d44df64283cf15cdbd2561" />
	</machine>
	<machine name="fileform">
		<description>FileForm</description>
		<year>1983</year>
		<publisher>Mattel</publisher>
		<rom name="fileform.bin" size="16384" crc="a7d29abd" sha1="e46a258628a38fe8b13f85fc56e9e687963a74a3" />
	</machine>
	<machine name="finform">
		<description>FinForm</description>
		<year>1983</year>
		<publisher>Mattel</publisher>
		<rom name="finform.bin" size="16384" crc="366a6a5b" sha1="c6224efc44e5974684be88e093e6fc6d9a7ea2a8" />
	</machine>
	<machine name="logo">
		<description>LOGO</description>
		<year>1983</year>
		<publisher>Mattel</publisher>
		<rom name="logo.bin" size="16384" crc="0b8d198e" sha1="8e1fa06e81f9cc02d00fceb33a794591d5ea83cd" />
	</machine>
	<machine name="melchase">
		<description>Melody Chase</description>
		<year>1983</year>
		<publisher>Mattel</publisher>
		<rom name="melodychase.bin" size="16384" crc="6f99dbaf" sha1="8d0742149bf71620b2dd471bd5d05f1156fbd6a6" />
	</machine>
	<machine name="minidiag">
		<description>Mini Expander Diagnostics</description>
		<year>1982</year>
		<publisher>Radofin Electronics</publisher>
		<rom name="mini expander diagnostics.bin" size="4096" crc="a2417af2" sha1="e89c054f240f40db02209136b8d7e8a6d9dd5a62" />
	</machine>
	<machine name="modem">
		<description>Modem Terminal Software</description>
		<year>1983</year>
		<publisher>Mattel</publisher>
		<rom name="modem terminal software.bin" size="16384" crc="052dd522" sha1="35230b695470d9df1c37233107c2b29a18124f7b" />
	</machine>
	<machine name="nstalker">
		<description>Night Stalker</description>
		<year>1983</year>
		<publisher>Mattel</publisher>
		<rom name="night stalker.bin" size="16384" crc="032ae514" sha1="3183bb81a428ce68c9919d96d91be29fcc1aad3f" />
	</machine>
	<machine name="qdisk101">
		<description>Quick Disk V1.01</description>
		<year>198?</year>
		<publisher>Radofin Electronics</publisher>
		<rom name="qd1_01.bin" size="8192" crc="acd84c35" sha1="94a0a0e947d44ffb1139e2776b4f7cf59a21b875" />
	</machine>
	<machine name="qdisk">
		<description>Quick Disk V1.02</description>
		<year>198?</year>
		<publisher>Radofin Electronics</publisher>
		<rom name="qd1_02.bin" size="8192" crc="1875ac79" sha1="5520ed2aa36ae6ff2cd7d9b496590b877d388396" />
	</machine>
	<machine name="shark">
		<description>Shark! (prototype)</description>
		<year>1983</year>
		<publisher>Mattel</publisher>
		<rom name="shark.bin" size="16384" crc="ee805a79" sha1="ddcc085699c3862ad41155e7f1a7b72396129cc5" />
	</machine>
	<machine name="snafu">
		<description>Snafu</description>
		<year>1983</year>
		<publisher>Mattel</publisher>
		<rom name="snafu.bin" size="16384" crc="aed0ea34" sha1="d65b3d4b0e3abdc844ecabbaecc6d095a27aa982" />
	</machine>
	<machine name="speller">
		<description>Space Speller</description>
		<year>1983</year>
		<publisher>Mattel</publisher>
		<rom name="space speller.bin" size="16384" crc="49a88710" sha1="9fc967addeba5280e5e5390eaf81c3fe9ff8ab10" />
	</machine>
	<machine name="tron">
		<description>TRON Deadly Discs</description>
		<year>1983</year>
		<publisher>Mattel</publisher>
		<rom name="tron deadly discs.bin" size="16384" crc="6d6ebd1d" sha1="8750fea11e97ae754be6134d9849e3b039b78f55" />
	</machine>
	<machine name="utopia">
		<description>Utopia</description>
		<year>1983</year>
		<publisher>Mattel</publisher>
		<rom name="utopia.bin" size="16384" crc="1fc3002e" sha1="b9244274929cad68afb978e991edde1fc282f172" />
	</machine>
	<machine name="word">
		<description>Word Processor</description>
		<year>1986</year>
		<publisher>Balen</publisher>
		<rom name="word processor.bin" size="16384" crc="807557d7" sha1="38ae9507c0d4b7765a678458acf6a894b8b47d29" />
	</machine>
	<machine name="zeroin">
		<description>Zero-In</description>
		<year>1983</year>
		<publisher>Mattel</publisher>
		<rom name="zeroin.bin" size="8192" crc="277f1716" sha1="a256a18d5e9c5d03a8610c5de58cb8725de0247c" />
	</machine>
</datafile>