<?xml version="1.0" encoding="utf-8"?>
<!DOCTYPE datafile PUBLIC "-//Logiqx//DTD ROM Management Datafile//EN" "http://www.logiqx.com/Dats/datafile.dtd">
<datafile>
	<header>
		<name>ekara_japan_m</name>
		<description>Takara e-kara (Japan) M-xx / MCxxxx- series cartridges</description>
		<version></version>
		<author></author>
	</header>
	<machine name="mc0001">
		<description>Artist Mini Volume 1 (untranslated artist) (Japan) (MC0001-ATM)</description>
		<year>2003</year>
		<publisher>Takara</publisher>
		<rom name="mc0001-atm.u1" size="524288" crc="3ef59e82" sha1="d10f0b4a174bef736fea538028eacbeb46af5bbd" />
	</machine>
	<machine name="mc0004">
		<description>Artist Mini Volume 4 (w-inds) (Japan) (MC0004-ATM)</description>
		<year>2003</year>
		<publisher>Takara</publisher>
		<rom name="mc0004-atm.u1" size="524288" crc="e9ba14c1" sha1="3cad1a6b0d1ba24dfb6c1aec84a6d87816b16d54" />
	</machine>
	<machine name="mc0006">
		<description>KSM Mini Volume 2 (Japan) (MC0006-KSM)</description>
		<year>2003</year>
		<publisher>Takara</publisher>
		<rom name="mc0006-ksm.u1" size="524288" crc="6d3c8c02" sha1="568a0e156a2189156149578277b6d615fe4e157f" />
	</machine>
	<machine name="mc0012">
		<description>Artist Mini Volume 7 (untranslated artist) (Japan) (MC0012-ATM)</description>
		<year>2003</year>
		<publisher>Takara</publisher>
		<rom name="mc0012-atm.u1" size="524288" crc="f31d3de9" sha1="41e4de960b2f348a4bed3b9b6d51229878e8c8f3" />
	</machine>
	<machine name="mc0013">
		<description>KSM Mini Volume 5 (Japan) (MC0013-KSM)</description>
		<year>2003</year>
		<publisher>Takara</publisher>
		<rom name="mc0013-ksm.u1" size="524288" crc="db05eafa" sha1="b58efcc41ad8d5571c319e0d88fa8a3d9badbe93" />
	</machine>
	<machine name="mc0014">
		<description>Artist Mini Volume 8 (BoA) (Japan) (MC0014-ATM)</description>
		<year>2003</year>
		<publisher>Takara</publisher>
		<rom name="mc0014-atm.u1" size="524288" crc="170e02af" sha1="02b38146db7d74727f7dccf6dcc3d004979210a1" />
	</machine>
</datafile>