<?xml version="1.0" encoding="utf-8"?>
<!DOCTYPE datafile PUBLIC "-//Logiqx//DTD ROM Management Datafile//EN" "http://www.logiqx.com/Dats/datafile.dtd">
<datafile>
	<header>
		<name>msx2p_flop</name>
		<description>MSX2+ disk images</description>
		<version></version>
		<author></author>
	</header>
	<machine name="beppin">
		<description>Beppin (Jpn)</description>
		<year>1988</year>
		<publisher>Wisdom</publisher>
		<rom name="beppin (1988)(cain)(nl).dsk" size="737280" crc="e151563d" sha1="db2364b83d8976d21b89aa4d34c092a5ce383269" />
	</machine>
	<machine name="btlbombr">
		<description>Battle Bomber</description>
		<year>1996</year>
		<publisher>&lt;homebrew&gt;</publisher>
		<rom name="battle bomber.dsk" size="737280" crc="a318cfcd" sha1="75e6a558ac1f0346f951d9c6667e0b9ecb8557e8" />
	</machine>
	<machine name="dcconnec">
		<description>J.B. Harold 3 - D.C. Connection (Jpn)</description>
		<year>1989</year>
		<publisher>Riverhill Soft</publisher>
		<rom name="j.b. harold 3 - d.c. connection (1989)(riverhill soft)(jp)(disk 1 of 3)[mouse].dsk" size="737280" crc="79543c5d" sha1="9b2919c1c7725458305f8120975d94c2f6524d19" />
		<rom name="j.b. harold 3 - d.c. connection (1989)(riverhill soft)(jp)(disk 2 of 3)[mouse].dsk" size="737280" crc="b3454990" sha1="6a6e5caaf72d3f9285bf5adc11e90ab7242f22c7" />
		<rom name="j.b. harold 3 - d.c. connection (1989)(riverhill soft)(jp)(disk 3 of 3)[mouse].dsk" size="737280" crc="1eb4c4d6" sha1="c2bf5d6aff3b5b676fccdd010eedd67a4a2523ff" />
	</machine>
	<machine name="dcconneca">
		<description>J.B. Harold 3 - D.C. Connection (Jpn, Alt)</description>
		<year>1989</year>
		<publisher>Riverhill Soft</publisher>
		<rom name="j.b. harold 3 - d.c. connection (1989)(riverhill soft)(jp)(disk 2 of 3)[a][mouse].dsk" size="737280" crc="952b3db8" sha1="319333dc9f37342802199fe576da759fef66501d" />
		<rom name="j.b. harold 3 - d.c. connection (1989)(riverhill soft)(jp)(disk 3 of 3)[a][mouse].dsk" size="737280" crc="4915e99b" sha1="c4f00d065f61f893a075e26b879dde68d2a493d5" />
	</machine>
	<machine name="f1spirit">
		<description>F-1 Spirit 3D Special (Jpn)</description>
		<year>1988</year>
		<publisher>Konami</publisher>
		<rom name="f-1 spirit 3d special (1988)(konami)(disk 1 of 3)(opening disk).dsk" size="737280" crc="69058209" sha1="155702d3d41b8f8b3d4659d42aa474ce12f4d3c9" />
		<rom name="f-1 spirit 3d special (1988)(konami)(disk 2 of 3)(game disk a).dsk" size="737280" crc="96811cc3" sha1="9877150e691d41b615683684cf0b78fc84649d37" />
		<rom name="f-1 spirit 3d special (1988)(konami)(disk 3 of 3)(game disk b).dsk" size="737280" crc="72039928" sha1="9ab94b449cb3b2c7ea7f87c2f03eebfacddc4019" />
	</machine>
	<machine name="f1spirita">
		<description>F-1 Spirit 3D Special (Jpn, Alt)</description>
		<year>1988</year>
		<publisher>Konami</publisher>
		<rom name="f-1 spirit 3d special (1988)(konami)(disk 2 of 3)(game disk a)[a].dsk" size="737280" crc="b05f67a2" sha1="3fd1c3dacd8fc3b4fc4902ac35296ce30991ac9b" />
		<rom name="f-1 spirit 3d special (1988)(konami)(disk 3 of 3)(game disk b)[a].dsk" size="737280" crc="94fc3831" sha1="a645c37119c59eab0d42f0a2cfbc47dc9678bc3c" />
	</machine>
	<machine name="f1spiritb">
		<description>F-1 Spirit 3D Special (Jpn, Alt Disk A)</description>
		<year>1988</year>
		<publisher>Konami</publisher>
		<rom name="f-1 spirit 3d special (1988)(konami)(disk 2 of 3)(game disk a)[a2].dsk" size="737280" crc="eb1d19a3" sha1="f3b1dafa72bdc5affaf49bac3481ad5276a51375" />
	</machine>
	<machine name="famistah">
		<description>Pro Yakyuu Family Stadium - Homerun Contest (Jpn)</description>
		<year>1989</year>
		<publisher>Namcot</publisher>
		<rom name="family stadium pro baseball - homerun contest (1989)(namcot)(jp).dsk" size="737280" crc="19a2ea6b" sha1="ebcabafe5936317f19b7db957f448a4952a17011" />
	</machine>
	<machine name="famistaha">
		<description>Pro Yakyuu Family Stadium - Homerun Contest (Jpn, Alt)</description>
		<year>1989</year>
		<publisher>Namcot</publisher>
		<rom name="family stadium pro baseball - homerun contest (1989)(namcot)(jp)[a].dsk" size="737280" crc="bd3d819d" sha1="53d1c26f5d87c53f8fa26154c2c568c657d314f6" />
	</machine>
	<machine name="gladius">
		<description>Gladius (Ger)</description>
		<year>1992</year>
		<publisher>&lt;homebrew&gt;</publisher>
		<rom name="gladius (1992)(msx magazine)(de).dsk" size="737280" crc="c0c93a68" sha1="bf04414ea4891b03ef8c6484eebcc8d5dba4ef5e" />
	</machine>
	<machine name="gradius3">
		<description>Gradius III Legends (Spa, Demo)</description>
		<year>2001</year>
		<publisher>&lt;homebrew&gt;</publisher>
		<rom name="gradius iii legends (demo) (2001)(imanok).dsk" size="737280" crc="c72466e9" sha1="9e3ca9b729ebf31ebf72d64012297d13bd40691e" />
	</machine>
	<machine name="hbf1xv">
		<description>Sony HB-F1XV Story Disk (Jpn)</description>
		<year>1990</year>
		<publisher>Sony</publisher>
		<rom name="sony hb-f1xv story disk (1990)(sony)(jp).dsk" size="737280" crc="f8db5647" sha1="1a27dbdfc863f91f504e5a478b6ea4bd324f93e2" />
	</machine>
	<machine name="kohakuir">
		<description>Kohakuiro no Yuigon - Seiyou Karuta Renzoku Satsujin Jiken (Jpn)</description>
		<year>1988</year>
		<publisher>Riverhill Soft</publisher>
		<rom name="kohakuiro no yuigon. amber's will (1988)(riverhill soft)(jp)(disk 1 of 3).dsk" size="737280" crc="a7243795" sha1="db05159539daebe28b66921209161295999af6d3" />
		<rom name="kohakuiro no yuigon. amber's will (1988)(riverhill soft)(jp)(disk 2 of 3).dsk" size="737280" crc="b0e1eae4" sha1="a7c082f99cfa46323e641a52962e7d673fd7a6bd" />
		<rom name="kohakuiro no yuigon. amber's will (1988)(riverhill soft)(jp)(disk 3 of 3).dsk" size="737280" crc="daaf92c2" sha1="fbe01190e5b674d08b39b7d3cbca136fe52bf8a5" />
	</machine>
	<machine name="kohakuira">
		<description>Kohakuiro no Yuigon - Seiyou Karuta Renzoku Satsujin Jiken (Jpn, Alt)</description>
		<year>1988</year>
		<publisher>Riverhill Soft</publisher>
		<rom name="kohakuiro no yuigon. amber's will (1988)(riverhill soft)(jp)(disk 1 of 3)[a].dsk" size="737280" crc="a10009a9" sha1="f96e0998a5d01fabb85c89eb4b12898176397edf" />
		<rom name="kohakuiro no yuigon. amber's will (1988)(riverhill soft)(jp)(disk 2 of 3)[a].dsk" size="737280" crc="a8c68a53" sha1="a33a4688b046e6af495735ca3ed13695c8d4af42" />
		<rom name="kohakuiro no yuigon. amber's will (1988)(riverhill soft)(jp)(disk 3 of 3)[a].dsk" size="737280" crc="3aa43fa7" sha1="06a250229e98a9467506f0ebb7de63d6ebb382e8" />
	</machine>
	<machine name="laydock2a">
		<description>Laydock 2 - Last Attack (Jpn, Alt)</description>
		<year>1988</year>
		<publisher>T&amp;E Soft</publisher>
		<rom name="laydock 2 - last attack (1988)(t&amp;e soft)(jp)(disk 1 of 2)[a].dsk" size="737280" crc="1b68b1a9" sha1="db7cf4672f46017b69b02eb175b4a446a948c601" />
		<rom name="laydock 2 - last attack (1988)(t&amp;e soft)(jp)(disk 2 of 2)[a].dsk" size="737280" crc="25777c4e" sha1="bbbc09ed823847b567caa1f321f578cbaf3a356f" />
	</machine>
	<machine name="laydock2">
		<description>Laydock 2 - Last Attack (Jpn)</description>
		<year>1988</year>
		<publisher>T&amp;E Soft</publisher>
		<rom name="laydock 2 - last attack (1988)(t&amp;e soft)(jp)(disk 1 of 2).dsk" size="737280" crc="02c2949e" sha1="c4217c7f0371e9c6f830d8a76f731123548c9719" />
		<rom name="laydock 2 - last attack (1988)(t&amp;e soft)(jp)(disk 2 of 2).dsk" size="737280" crc="cd89e9d3" sha1="63daaadce6ef18938788f3d1e4b08deff15fe5da" />
	</machine>
	<machine name="lubeck">
		<description>Lübeck (Jpn)</description>
		<year>1990</year>
		<publisher>MSX Magazine</publisher>
		<rom name="lubeck (1990)(msx magazine)(jp).dsk" size="737280" crc="bc7f8e95" sha1="b143989e8c0a7826a21373b4271713a0465bbcac" />
	</machine>
	<machine name="lubecka">
		<description>Lübeck (Jpn, Alt)</description>
		<year>1990</year>
		<publisher>MSX Magazine</publisher>
		<rom name="lubeck (1990)(msx magazine)(jp)[a].dsk" size="737280" crc="2ff5b9c9" sha1="8b41aac1d940fe06b2ae806eba1e5d3cebaf5134" />
	</machine>
	<machine name="megadoom">
		<description>Megadoom (Ned)</description>
		<year>1992</year>
		<publisher>&lt;homebrew&gt;</publisher>
		<rom name="megadoom (1992)(first class software)(nl)(disk 1 of 2)(opening disk).dsk" size="737280" crc="70a3494d" sha1="fa83f00dd2feb4a30d71616578ce553466d4d14e" />
		<rom name="megadoom (1992)(first class software)(nl)(disk 2 of 2)(game disk).dsk" size="737280" crc="1d7716de" sha1="6c48f8dedd8494c3aabeea3af997363ed861ac0f" />
	</machine>
	<machine name="megadoomd">
		<description>Megadoom (Ned, Demo)</description>
		<year>1992</year>
		<publisher>&lt;homebrew&gt;</publisher>
		<rom name="megadoom (demo) (1992)(first class software)(nl).dsk" size="737280" crc="72aa680e" sha1="196f0e8d263d69215cfc634e0518e7206136468d" />
		<rom name="megadoom (demo) (1992)(first class software)(nl)[2 disks].dsk" size="737280" crc="f8554ee4" sha1="70d62bfb6505ae91b1afde000d7b5fb771a8b38d" />
	</machine>
	<machine name="midgarts">
		<description>Mid-Garts (MSX2+) (Jpn)</description>
		<year>1989</year>
		<publisher>WolfTeam</publisher>
		<rom name="m2p_006a.dsk" size="737280" crc="9eef9228" sha1="a5c831306c86d445d42ec13f7551346f28814686" />
		<rom name="m2p_006b.dsk" size="737280" crc="26f58049" sha1="5ba41719f93bd8dc55b6a1b027cf321a31dd0884" />
		<rom name="m2p_006c.dsk" size="737280" crc="691c1eff" sha1="42cdf6f5bb4d7d39f4a11e7fec31b0a5ecf7ecd4" />
		<rom name="m2p_006d.dsk" size="737280" crc="bdf45ec0" sha1="ee868c95dacc2edee29e7c390bcb2f87ec07b898" />
		<rom name="m2p_006e.dsk" size="737280" crc="406f5f54" sha1="90b4f39cb440b2cb3b2479ee5e633818ebe54bb4" />
		<rom name="m2p_006f.dsk" size="737280" crc="c65264da" sha1="8c847557b7838afff2354eb8a9d7f02e5d70519c" />
	</machine>
	<machine name="pacdisc">
		<description>Pana Amusement Collection Disc (Jpn)</description>
		<year>1988</year>
		<publisher>Panasoft</publisher>
		<rom name="pana amusement collection 1 (1988)(panasoft)(jp).dsk" size="737280" crc="4dee2cff" sha1="e4bc138daedac129c39923cbe4a07bf79a880f8b" />
		<rom name="pana amusement collection 2 (1988)(panasoft)(jp).dsk" size="737280" crc="83f786e1" sha1="94c2cde50db86b91ad7d73cf6354a240c97ab3ea" />
	</machine>
	<machine name="pacdisca">
		<description>Pana Amusement Collection Disc (Jpn, Alt)</description>
		<year>1988</year>
		<publisher>Panasoft</publisher>
		<rom name="pana amusement collection 1 (1988)(panasoft)(jp)[a].dsk" size="737280" crc="340292e7" sha1="f86f628e6cef41b777796c4797b9153b5c722710" />
		<rom name="pana amusement collection 2 (1988)(panasoft)(jp)[a].dsk" size="737280" crc="3ecc097d" sha1="552da3bf49e85911acc8f7a5c744ca86105bd081" />
	</machine>
	<machine name="pacdiscb">
		<description>Pana Amusement Collection Disc (Jpn, Alt 2)</description>
		<year>1988</year>
		<publisher>Panasoft</publisher>
		<rom name="pana amusement collection 1 (1988)(panasoft)(jp)[a2].dsk" size="737280" crc="441d35a8" sha1="fe949aa959949e478a22c93b67b2247a1cf3d7f9" />
		<rom name="pana amusement collection 2 (1988)(panasoft)(jp)[a2].dsk" size="737280" crc="4bf555e3" sha1="5eeb6b2b85a19664ef9b21c130fe9b995c4b4784" />
	</machine>
	<machine name="pbstrip">
		<description>Playboy Strippoker (Ned)</description>
		<year>1992</year>
		<publisher>&lt;homebrew&gt;</publisher>
		<rom name="playboy strippoker (1992)(first class software)(nl).dsk" size="737280" crc="f98efc23" sha1="898a8cad406389b27a54f1cbbe77a922c225b2ba" />
	</machine>
	<machine name="seasard">
		<description>Sea Sardine Side-2 (Jpn)</description>
		<year>1991</year>
		<publisher>MSX Magazine</publisher>
		<rom name="sea sardine (1991)(msx magazine)(jp).dsk" size="737280" crc="f4c7f839" sha1="be457095238dbcac7b66103185c1a702b60e2255" />
	</machine>
	<machine name="seasarda">
		<description>Sea Sardine Side-2 (Jpn, Alt)</description>
		<year>1991</year>
		<publisher>MSX Magazine</publisher>
		<rom name="sea sardine (1991)(msx magazine)(jp)[a].dsk" size="737280" crc="17f83eb5" sha1="b23a12945e1bcb461be086cf9d0468952d79c703" />
	</machine>
	<machine name="sonyc">
		<description>Sonyc (Spa)</description>
		<year>1995</year>
		<publisher>&lt;homebrew&gt;</publisher>
		<rom name="sonyc (demo) (1995)(analogy)(es).dsk" size="737280" crc="2bb51edf" sha1="29acb7529bcaca5b2f82a208e501ca6352ae87f8" />
	</machine>
	<machine name="trtmania">
		<description>Turtle Mania (Ger, Demo)</description>
		<year>1997</year>
		<publisher>&lt;homebrew&gt;</publisher>
		<rom name="turtle mania (demo) (1997)(wr)(de).dsk" size="737280" crc="6ac549ce" sha1="26f53fc39126975de5a607fd73c32b970a6124fc" />
	</machine>
	<machine name="twinkle">
		<description>Twinkle Star - Hoshi no Mahou Tsukai (Jpn)</description>
		<year>1990</year>
		<publisher>MSX Magazine</publisher>
		<rom name="twinkle star (1990)(msx magazine)(jp).dsk" size="737280" crc="c97eb5cd" sha1="d89cf80e53210ddd48e64a866d0b073713ba3160" />
	</machine>
	<machine name="twinklea">
		<description>Twinkle Star - Hoshi no Mahou Tsukai (Jpn, Alt)</description>
		<year>1990</year>
		<publisher>MSX Magazine</publisher>
		<rom name="twinkle star (1990)(msx magazine)(jp)[a].dsk" size="737280" crc="06f4dde6" sha1="c27fadbc9188cf959ea74e83557143d9fe5e34fa" />
	</machine>
	<machine name="wig">
		<description>The Wig (Jpn)</description>
		<year>1989</year>
		<publisher>MSX Magazine</publisher>
		<rom name="wig, the (1989)(msx magazine)(jp).dsk" size="737280" crc="c88649e5" sha1="88411e1c1547d032c47bf41522bbadef634cc9f3" />
	</machine>
	<machine name="wiga">
		<description>The Wig (Jpn, Alt)</description>
		<year>1989</year>
		<publisher>MSX Magazine</publisher>
		<rom name="wig, the (1989)(msx magazine)(jp)[a].dsk" size="737280" crc="781df33a" sha1="ec186a538f45fb22e42b83f5e16d494456879950" />
	</machine>
	<machine name="witchiz">
		<description>The Witch 'Iz' (Jpn, Bad Dump?)</description>
		<year>1991</year>
		<publisher>&lt;doujin&gt;</publisher>
		<rom name="witch iz, the (1991)(chihiro)[b].dsk" size="737280" crc="9eef4495" sha1="d096b1ef10c9d7b3ddffda0ec14b841c2c14cada" />
	</machine>
	<machine name="yoshidak">
		<description>Yoshida Kensetsu (Jpn)</description>
		<year>1990</year>
		<publisher>MSX Magazine</publisher>
		<rom name="yoshida kensetsu. super zelixer (1990)(msx magazine)(jp).dsk" size="737280" crc="0a42c38f" sha1="d5121af2a9db3b04c52334a200fdd9202f12a920" />
	</machine>
	<machine name="yoshidaka">
		<description>Yoshida Kensetsu (Jpn, Alt)</description>
		<year>1990</year>
		<publisher>MSX Magazine</publisher>
		<rom name="yoshida kensetsu. super zelixer (1990)(msx magazine)(jp)[a].dsk" size="737280" crc="ea733f7b" sha1="9eef34210d3ae9988f137cf70730a5a1c57a59ee" />
	</machine>
	<machine name="yoshidakb">
		<description>Yoshida Kensetsu (Jpn, Alt 2)</description>
		<year>1990</year>
		<publisher>MSX Magazine</publisher>
		<rom name="yoshida kensetsu. super zelixer (1990)(msx magazine)(jp)[a2].dsk" size="737280" crc="44c87cea" sha1="3fdf86ccb98de95bd7b3775783257e377526e6ca" />
	</machine>
	<machine name="yoshidakc">
		<description>Yoshida Kensetsu (Jpn, Alt 3)</description>
		<year>1990</year>
		<publisher>MSX Magazine</publisher>
		<rom name="yoshida kensetsu. super zelixer (1990)(msx magazine)(jp)[a3].dsk" size="737280" crc="b6c1d954" sha1="055066483bcad253b0c79af6fa65ec68ea2c45e7" />
	</machine>
	<machine name="yoshidakd">
		<description>Yoshida Kensetsu (Jpn, Alt 4)</description>
		<year>1990</year>
		<publisher>MSX Magazine</publisher>
		<rom name="twinkle star ii (1990)(msx magazine)(jp).dsk" size="737280" crc="4e3c96ff" sha1="9f051f845904bf1cd1adf08cbc0ef4804d1f48a5" />
	</machine>
	<machine name="yoshidake">
		<description>Yoshida Kensetsu (Jpn, Alt 5)</description>
		<year>1990</year>
		<publisher>MSX Magazine</publisher>
		<rom name="twinkle star ii (1990)(msx magazine)(jp)[a].dsk" size="737280" crc="e00896f1" sha1="987c59d42eb13ffff8a021d28f4cce1a31178667" />
	</machine>
	<machine name="zukatto">
		<description>Hennano de Zukatto</description>
		<year>1996</year>
		<publisher>&lt;doujin&gt;</publisher>
		<rom name="zukatto.dsk" size="737280" crc="302574ed" sha1="0513ce6664d2cea4e0eb863a68a923401ecaa0da" />
	</machine>
</datafile>