<?xml version="1.0" encoding="utf-8"?>
<!DOCTYPE datafile PUBLIC "-//Logiqx//DTD ROM Management Datafile//EN" "http://www.logiqx.com/Dats/datafile.dtd">
<datafile>
	<header>
		<name>msx2_cass</name>
		<description>MSX2 cassettes</description>
		<version></version>
		<author></author>
	</header>
	<machine name="chess2">
		<description>The Chess Game 2 (Euro)</description>
		<year>1986</year>
		<publisher>Eaglesoft</publisher>
		<rom name="chess game 2, the (1986)(eaglesoft)(nl)[run'cas-'].cas" size="63296" crc="58523f94" sha1="b8a706f228c2f7baee88f67ea7b68fb26e50f5b2" />
	</machine>
	<machine name="leonardo">
		<description>Leonardo (Jpn)</description>
		<year>1987</year>
		<publisher>Omega System</publisher>
		<rom name="leonardo (1987)(omega system)(jp)[cload + run].cas" size="21494" crc="5383ba81" sha1="658031b8578ecd3f95e648fc2d527be05de3ed40" />
	</machine>
	<machine name="redlight">
		<description>Red Lights of Amsterdam (Euro)</description>
		<year>1986</year>
		<publisher>Eaglesoft</publisher>
		<rom name="red lights of amsterdam (1986)(eaglesoft)(nl)[run'cas-'].cas" size="172263" crc="443d80f9" sha1="b8323adf0b5c9d05223f3c587d52d94b933c00f6" />
	</machine>
	<machine name="redlighta">
		<description>Red Lights of Amsterdam (Euro, 2 Sides)</description>
		<year>1986</year>
		<publisher>Eaglesoft</publisher>
		<rom name="red lights of amsterdam (1986)(eaglesoft)(nl)(side a)[run'cas-'].cas" size="52193" crc="fced9743" sha1="eeb226eab09670fd11f3d797ce667a11133cfd7c" />
		<rom name="red lights of amsterdam (1986)(eaglesoft)(nl)(side b)[run'cas-'].cas" size="120071" crc="e3bd39b3" sha1="bb8b304ff3f8a527648fb765da2ff9284f5c9f4c" />
	</machine>
</datafile>