<?xml version="1.0" encoding="utf-8"?>
<!DOCTYPE datafile PUBLIC "-//Logiqx//DTD ROM Management Datafile//EN" "http://www.logiqx.com/Dats/datafile.dtd">
<datafile>
	<header>
		<name>pet_cass</name>
		<description>Commodore PET cassettes</description>
		<version></version>
		<author></author>
	</header>
	<machine name="acquire">
		<description>Acquire</description>
		<year>1982</year>
		<publisher>Microcomputer Games</publisher>
		<rom name="acquire (1982)(avalon hill).wav" size="24368704" crc="65ceaa57" sha1="e8b1d072356526c31a509a267507e9aaa74f17fa" />
	</machine>
	<machine name="androm">
		<description>Andromeda Conquest</description>
		<year>1982</year>
		<publisher>Microcomputer Games</publisher>
		<rom name="andromeda conquest (1982)(avalon hill).wav" size="22685838" crc="8716b6d9" sha1="7d21e69fe5c1831b3f3244d1236b7e7ed57a2fb4" />
	</machine>
	<machine name="apshai">
		<description>Temple of Apshai</description>
		<year>1979</year>
		<publisher>Automated Simulations</publisher>
		<rom name="temple of apshai (1979)(automated simulations).wav" size="76924190" crc="faecb03c" sha1="be38fb082fa74c33f280bda401b215001670d54f" />
	</machine>
	<machine name="b1bomb">
		<description>B-1 Bomber Game</description>
		<year>1982</year>
		<publisher>Microcomputer Games</publisher>
		<rom name="b-1 nuclear bomber (1981)(avalon hill).wav" size="15154010" crc="69fcf587" sha1="de3cb18e63a45943e7357af16d4b3994c3dbae46" />
	</machine>
	<machine name="batter">
		<description>Batter Up</description>
		<year>1980</year>
		<publisher>Hayden Book Company</publisher>
		<rom name="batter up (1980)(hayden book company).wav" size="10156812" crc="0f19de37" sha1="6b9467fd834eb38310edb07935f5246026ad3cdf" />
	</machine>
	<machine name="bbstrat">
		<description>Baseball Strategy</description>
		<year>1982</year>
		<publisher>Microcomputer Games</publisher>
		<rom name="baseball strategy (1982)(avalon hill).wav" size="30735222" crc="1d50607d" sha1="dcb6571346f8da9777d6a4654413303d6320f55e" />
	</machine>
	<machine name="bjack1">
		<description>Casino Blackjack 5.7</description>
		<year>1979</year>
		<publisher>Speakeasy Software</publisher>
		<rom name="casino blackjack 5.7 (1979)(cms software systems).wav" size="11929950" crc="de4f4383" sha1="2ac7ee53dc74a4696bf9dd72103e4ef569d94ec4" />
	</machine>
	<machine name="bjack">
		<description>Blackjack</description>
		<year>1978</year>
		<publisher>Commodore Business Machines, Inc.</publisher>
		<rom name="blackjack (1978)(commodore business machines).wav" size="11284678" crc="b65acc8b" sha1="a5a3261a04bde04309e539b72ddaadd462e21c70" />
	</machine>
	<machine name="bomba">
		<description>Arcade Pak #3 Bomber Attack</description>
		<year>1982</year>
		<publisher>Avalon Hill</publisher>
		<rom name="bomber attack (1982)(avalon hill).wav" size="10001002" crc="4ff57e9c" sha1="b795a4d8c2f7891088ee6cf7147d785948d7b887" />
	</machine>
	<machine name="bridge">
		<description>Bridge</description>
		<year>1978</year>
		<publisher>Petsoft</publisher>
		<rom name="bridge (1978)(petsoft).wav" size="11119154" crc="1d874549" sha1="71e74fcb0c1b20533bee1371c0213e05db24c4c7" />
	</machine>
	<machine name="bullb">
		<description>Bulls and Bears</description>
		<year>1978</year>
		<publisher>Speakeasy Software</publisher>
		<rom name="bulls and bears (1978)(speakeasy software).wav" size="10926558" crc="8fbd037f" sha1="20527ee4b6528c0daf31994bfed028583faa049f" />
	</machine>
	<machine name="checkers">
		<description>PET Checkers</description>
		<year>1980</year>
		<publisher>CMS Software Systems</publisher>
		<rom name="pet checkers (1980)(cms software systems).wav" size="10467148" crc="e3529a46" sha1="3fa8de3a8374e14f0d2b3bd97ff2d8393b3797f0" />
	</machine>
	<machine name="conflict">
		<description>Conflict 2500</description>
		<year>1981</year>
		<publisher>Microcomputer Games</publisher>
		<rom name="conflict 2500 (1981)(avalon hill).wav" size="23419766" crc="872b73d6" sha1="c3941f3ce51bff8d0571ce2b43b7ccdd9a212733" />
	</machine>
	<machine name="cur1">
		<description>Cursor 1</description>
		<year>1978</year>
		<publisher>The Code Works</publisher>
		<rom name="cursor 1 (1978)(code works).wav" size="34540096" crc="c2a429f0" sha1="f732bdd48c4a7764352355098d01de3e950c2d9c" />
	</machine>
	<machine name="cur2">
		<description>Cursor 2</description>
		<year>1978</year>
		<publisher>The Code Works</publisher>
		<rom name="cursor 2 (1978)(code works).wav" size="38802738" crc="9925f292" sha1="a0f553dc3e052fe3556183bfd82318b92dd72642" />
	</machine>
	<machine name="cur3">
		<description>Cursor 3</description>
		<year>1978</year>
		<publisher>The Code Works</publisher>
		<rom name="cursor 3 (1978)(code works).wav" size="47849882" crc="95283cb2" sha1="604f61d0f209aaef32e82bceaa67530511ef60c1" />
	</machine>
	<machine name="cur4">
		<description>Cursor 4</description>
		<year>1978</year>
		<publisher>The Code Works</publisher>
		<rom name="cursor 4 (1978)(code works).wav" size="55455514" crc="df747916" sha1="16640a5223a644dca3ef713cac6e70d1348cd6ef" />
	</machine>
	<machine name="cur5">
		<description>Cursor 5</description>
		<year>1978</year>
		<publisher>The Code Works</publisher>
		<rom name="cursor 5 (1978)(code works).wav" size="46403528" crc="c0c8f3ff" sha1="3f888f080e59853e5f89b0f3d565e125d1e5e852" />
	</machine>
	<machine name="cur6">
		<description>Cursor 6</description>
		<year>1979</year>
		<publisher>The Code Works</publisher>
		<rom name="cursor 6 (1979)(code works).wav" size="46753010" crc="2f6ef813" sha1="750cd291f2653c03b6e2fd707cc1ededf97d5477" />
	</machine>
	<machine name="cur7">
		<description>Cursor 7</description>
		<year>1979</year>
		<publisher>The Code Works</publisher>
		<rom name="cursor 7 (1979)(code works).wav" size="54620302" crc="6f2bf0a4" sha1="44f13108e3945abbc432ed4cce166848661adf1d" />
	</machine>
	<machine name="cur8">
		<description>Cursor 8</description>
		<year>1979</year>
		<publisher>The Code Works</publisher>
		<rom name="cursor 8 (1979)(code works).wav" size="58017788" crc="f6118fbf" sha1="e415cb0d26702836a44a798546960c21bcd96299" />
	</machine>
	<machine name="cur9">
		<description>Cursor 9</description>
		<year>1979</year>
		<publisher>The Code Works</publisher>
		<rom name="cursor 9 (1979)(code works).wav" size="69494314" crc="8abf8e8c" sha1="98e0b0f9d16a055cb2d11f2aff84a6c1884f7acf" />
	</machine>
	<machine name="cur10">
		<description>Cursor 10</description>
		<year>1979</year>
		<publisher>The Code Works</publisher>
		<rom name="cursor 10 (1979)(code works).wav" size="52635502" crc="e64a1066" sha1="0559d40f259cf149f0bc88dfe19d64caeae7902b" />
	</machine>
	<machine name="cur11">
		<description>Cursor 11</description>
		<year>1979</year>
		<publisher>The Code Works</publisher>
		<rom name="cursor 11 (1979)(code works).wav" size="52073122" crc="b4a6843a" sha1="1ef4ff08f02e140d5c74fed7fdcce4b332f933a4" />
	</machine>
	<machine name="cur12">
		<description>Cursor 12</description>
		<year>1979</year>
		<publisher>The Code Works</publisher>
		<rom name="cursor 12 (1979)(code works).wav" size="60014980" crc="6ceecff0" sha1="391e5c114dc60beec739908666e04b4f82000ce8" />
	</machine>
	<machine name="cur13">
		<description>Cursor 13</description>
		<year>1979</year>
		<publisher>The Code Works</publisher>
		<rom name="cursor 13 (1979)(code works).wav" size="57500730" crc="fd7dd623" sha1="779a6b763de8efd69942e5a89e220c4d670d63f0" />
	</machine>
	<machine name="cur14">
		<description>Cursor 14</description>
		<year>1979</year>
		<publisher>The Code Works</publisher>
		<rom name="cursor 14 (1979)(code works).wav" size="56915420" crc="43442da6" sha1="e6b31659181da8bebe2b7e2d66b982030014192e" />
	</machine>
	<machine name="cur15">
		<description>Cursor 15</description>
		<year>1979</year>
		<publisher>The Code Works</publisher>
		<rom name="cursor 15 (1979)(code works).wav" size="54585328" crc="3e176c08" sha1="9b133685dac34826b9505407aefa27c1affa3427" />
	</machine>
	<machine name="cur16">
		<description>Cursor 16</description>
		<year>1980</year>
		<publisher>The Code Works</publisher>
		<rom name="cursor 16 (1980)(code works).wav" size="45885486" crc="53903b5a" sha1="db92181ea1c4cf65b93bda621b2d7a7c32c3bc7e" />
	</machine>
	<machine name="cur17">
		<description>Cursor 17</description>
		<year>1980</year>
		<publisher>The Code Works</publisher>
		<rom name="cursor 17 (1980)(code works).wav" size="54618936" crc="c8492708" sha1="2638641d44437b595d17fc9ca8f91a1432b78164" />
	</machine>
	<machine name="cur18">
		<description>Cursor 18</description>
		<year>1980</year>
		<publisher>The Code Works</publisher>
		<rom name="cursor 18 (1980)(code works).wav" size="56023512" crc="399cee6b" sha1="3930f54ffc12e09dc3e651642ee8f0bac6d9dde8" />
	</machine>
	<machine name="cur19">
		<description>Cursor 19</description>
		<year>1980</year>
		<publisher>The Code Works</publisher>
		<rom name="cursor 19 (1980)(code works).wav" size="66518600" crc="9a1386b2" sha1="5c98728358ac6167f7e7e3c07b2362eedc1b0161" />
	</machine>
	<machine name="cur20">
		<description>Cursor 20</description>
		<year>1980</year>
		<publisher>The Code Works</publisher>
		<rom name="cursor 20 (1980)(code works).wav" size="53527416" crc="2401c9e9" sha1="c2be524ba8a66b4c0a7541a09f29a839acadac8f" />
	</machine>
	<machine name="cur21">
		<description>Cursor 21</description>
		<year>1980</year>
		<publisher>The Code Works</publisher>
		<rom name="cursor 21 (1980)(code works).wav" size="58273484" crc="7d2f858a" sha1="49cab5acfc20c7d86d25aaf4c8790cc2b2ffd32c" />
	</machine>
	<machine name="cur22">
		<description>Cursor 22</description>
		<year>1980</year>
		<publisher>The Code Works</publisher>
		<rom name="cursor 22 (1980)(code works).wav" size="53405634" crc="c6e434ad" sha1="dfb03ed9a3cc51a0e75b884519d26f15e4e0de4b" />
	</machine>
	<machine name="cur23">
		<description>Cursor 23</description>
		<year>1980</year>
		<publisher>The Code Works</publisher>
		<rom name="cursor 23 (1980)(code works).wav" size="52482130" crc="aace87f0" sha1="e8f566cbfdb28b3fbd508f806a09b57081830a78" />
	</machine>
	<machine name="cur24">
		<description>Cursor 24</description>
		<year>1981</year>
		<publisher>The Code Works</publisher>
		<rom name="cursor 24 (1981)(code works).wav" size="45591486" crc="413fe583" sha1="7ac7333db71a6c6f363f26437961e50fb443dd12" />
	</machine>
	<machine name="cur25">
		<description>Cursor 25</description>
		<year>1981</year>
		<publisher>The Code Works</publisher>
		<rom name="cursor 25 (1981)(code works).wav" size="58594030" crc="ff3aa594" sha1="db60a8b2c751aeeffe5fcd9c7fc2ac1965e4ccc2" />
	</machine>
	<machine name="cur26">
		<description>Cursor 26</description>
		<year>1981</year>
		<publisher>The Code Works</publisher>
		<rom name="cursor 26 (1981)(code works).wav" size="59355380" crc="5dbb9096" sha1="4ad21ed698ff0162b12615276daf2ebca14d5c97" />
	</machine>
	<machine name="cur27">
		<description>Cursor 27</description>
		<year>1981</year>
		<publisher>The Code Works</publisher>
		<rom name="cursor 27 (1981)(code works).wav" size="68273716" crc="b87e72c4" sha1="3ca92d7de8cdb085759388cb7cb4a72b1d5438a9" />
	</machine>
	<machine name="cur28">
		<description>Cursor 28</description>
		<year>1981</year>
		<publisher>The Code Works</publisher>
		<rom name="cursor 28 (1981)(code works).wav" size="51620292" crc="3cceca70" sha1="9430875aa6370e940c7b88351bccba7e27be5640" />
	</machine>
	<machine name="cur29">
		<description>Cursor 29</description>
		<year>1982</year>
		<publisher>The Code Works</publisher>
		<rom name="cursor 29 (1982)(code works).wav" size="72864822" crc="16fa7e17" sha1="d1f88d1e696b7b1c6488104a70ef372969521de6" />
	</machine>
	<machine name="cur30">
		<description>Cursor 30</description>
		<year>1982</year>
		<publisher>The Code Works</publisher>
		<rom name="cursor 30 (1982)(code works).wav" size="44679544" crc="bdb20dfb" sha1="12be82c0122f53718bfb2b634c85663c47a6a7e6" />
	</machine>
	<machine name="dpoker">
		<description>Draw Poker</description>
		<year>1978</year>
		<publisher>Commodore Business Machines, Inc.</publisher>
		<rom name="draw poker (1978)(commodore busines machines).wav" size="10220420" crc="82f7871d" sha1="973cdc5d8ede2dffa6fb25abfadf8b5daabe6949" />
	</machine>
	<machine name="eaadj1n">
		<description>Adjectives 1</description>
		<year>1980</year>
		<publisher>Activity Records, Inc.</publisher>
		<rom name="adjectives 1 (1980)(activity records, inc.).wav" size="11189514" crc="5cd88b03" sha1="2976ab72d36a8654a33c1f8220d9c862ae4849f7" />
	</machine>
	<machine name="eaadj2n">
		<description>Adjectives 2</description>
		<year>1980</year>
		<publisher>Activity Records, Inc.</publisher>
		<rom name="adjectives 2 (1980)(activity records, inc.).wav" size="11398034" crc="beb939fa" sha1="3b3b7ef2118263a8bb7fa85bb0010ae2d1ed89d8" />
	</machine>
	<machine name="eaadj3n">
		<description>Adjectives 3</description>
		<year>1980</year>
		<publisher>Activity Records, Inc.</publisher>
		<rom name="adjectives 3 (1980)(activity records, inc.).wav" size="10179592" crc="7019b74f" sha1="36ed0aac8f1c8ae9de7fc01c29d73d841a398d80" />
	</machine>
	<machine name="eaadj4n">
		<description>Adjectives 4</description>
		<year>1980</year>
		<publisher>Activity rRecords, Inc.</publisher>
		<rom name="adjectives 4 (1980)(activity records, inc.).wav" size="11520634" crc="5a564aa4" sha1="2d7dad3d450158331ecfdc7289e70b3f0cfd68a5" />
	</machine>
	<machine name="eaadv1n">
		<description>Adverbs 1</description>
		<year>1980</year>
		<publisher>Activity Records, Inc.</publisher>
		<rom name="adverbs 1 (1980)(activity records, inc.).wav" size="11171990" crc="4a264aa0" sha1="021f1f264130a46509c46ae46cefafda819deeb7" />
	</machine>
	<machine name="eaadv2n">
		<description>Adverbs 2</description>
		<year>1980</year>
		<publisher>Activity Records, Inc.</publisher>
		<rom name="adverbs 2 (1980)(activity records, inc.).wav" size="10775102" crc="b52be4be" sha1="806da1c924aebf856a5d6236700d91b3b29a0b6f" />
	</machine>
	<machine name="eaadv3n">
		<description>Adverbs 3</description>
		<year>1980</year>
		<publisher>Activity Records, Inc.</publisher>
		<rom name="adverbs 3 (1980)(activity records, inc.).wav" size="7315782" crc="5e2de1e4" sha1="12608f5ead991e9eb46705ff14f6a5c974c0c504" />
	</machine>
	<machine name="eaadv4n">
		<description>Adverbs 4</description>
		<year>1980</year>
		<publisher>Activity Records, Inc.</publisher>
		<rom name="adverbs 4 (1980)(activity records, inc.).wav" size="8865608" crc="ecfddb13" sha1="f79db1d8fa625252f6c7dea8ae4556e5ce722e33" />
	</machine>
	<machine name="eacon1n">
		<description>Contractions 1</description>
		<year>1980</year>
		<publisher>Activity Records, Inc.</publisher>
		<rom name="contractions 1 (1980)(activity records, inc.).wav" size="8741664" crc="b05cebce" sha1="c38311bf71973d7bbc89754d46feb48e738f0cb4" />
	</machine>
	<machine name="eacon2n">
		<description>Contractions 2</description>
		<year>1980</year>
		<publisher>Activity Records, Inc.</publisher>
		<rom name="contractions 2 (1980)(activity records, inc.).wav" size="7618740" crc="10107694" sha1="fc27866f351a18f41e4c4528b53495a908694061" />
	</machine>
	<machine name="eacon3n">
		<description>Contractions 3</description>
		<year>1980</year>
		<publisher>Activity Records, Inc.</publisher>
		<rom name="contractions 3 (1980)(activity records, inc.).wav" size="8523464" crc="ab728b0b" sha1="f4e8e1c4745e40fe133e5c20104c929b4b693b56" />
	</machine>
	<machine name="eacon4n">
		<description>Contractions 4</description>
		<year>1980</year>
		<publisher>Activity Records, Inc.</publisher>
		<rom name="contractions 4 (1980)(activity records, inc.).wav" size="11211668" crc="707797e8" sha1="4b70d42f40037b707f5c56956cc5e2dd01b9b663" />
	</machine>
	<machine name="eaflasn">
		<description>Flash Spelling</description>
		<year>1980</year>
		<publisher>Activity Records, Inc.</publisher>
		<rom name="flash spelling (1980)(activity records, inc.).wav" size="10924002" crc="c848cf8d" sha1="274ed732a2878d61751558f601c1d47b6f62a027" />
	</machine>
	<machine name="eahom1n">
		<description>Homonyms 1</description>
		<year>1980</year>
		<publisher>Activity Records, Inc.</publisher>
		<rom name="homonyms 1 (1980)(activity records, inc.).wav" size="11327432" crc="b7b4b906" sha1="b4e17fe21d43e4ad951bdfa93ea9963b714f4f40" />
	</machine>
	<machine name="eahom2n">
		<description>Homonyms 2</description>
		<year>1980</year>
		<publisher>Activity Records, Inc.</publisher>
		<rom name="homonyms 2 (1980)(activity records, inc.).wav" size="11861540" crc="0975d654" sha1="eb16abd7711449966ad7517fd21afec0e629b7cd" />
	</machine>
	<machine name="eahom3n">
		<description>Homonyms 3</description>
		<year>1980</year>
		<publisher>Activity Records, Inc.</publisher>
		<rom name="homonyms 3 (1980)(activity records, inc.).wav" size="11615978" crc="29ee6920" sha1="7f73f30e0403356a89a1febf8ff89deff7068fa6" />
	</machine>
	<machine name="eahom4n">
		<description>Homonyms 4</description>
		<year>1980</year>
		<publisher>Activity Records, Inc.</publisher>
		<rom name="homonyms 4 (1980)(activity records, inc.).wav" size="11683890" crc="37dc7bc2" sha1="4337c812232055e81488a8fc9a56db374fa12147" />
	</machine>
	<machine name="eanou1n">
		<description>Nouns 1</description>
		<year>1980</year>
		<publisher>Activity Records, Inc.</publisher>
		<rom name="nouns 1 (1980)(activity records, inc.).wav" size="9658096" crc="c1f58189" sha1="0d99300bdecbc7b3e0dc88dec92e0904d3730636" />
	</machine>
	<machine name="eanou2n">
		<description>Nouns 2</description>
		<year>1980</year>
		<publisher>Activity Records, Inc.</publisher>
		<rom name="nouns 2 (1980)(activity records, inc.).wav" size="8256024" crc="9fd2c09e" sha1="12dfd01ed34811d35bda22049814521b694bdd1e" />
	</machine>
	<machine name="eanou3n">
		<description>Nouns 3</description>
		<year>1980</year>
		<publisher>Activity Records, Inc.</publisher>
		<rom name="nouns 3 (1980)(activity records, inc.).wav" size="10382360" crc="526391fd" sha1="7c9b6d8c8c07415e06d89188cf4abd06131f9c05" />
	</machine>
	<machine name="eanou4n">
		<description>Nouns 4</description>
		<year>1980</year>
		<publisher>Activity Records, Inc.</publisher>
		<rom name="nouns 4 (1980)(activity records, inc.).wav" size="10670724" crc="19f240f3" sha1="dfc672a27119b070440dacd9bdfe45fca36c49e6" />
	</machine>
	<machine name="eapro1n">
		<description>Pronouns 1</description>
		<year>1980</year>
		<publisher>Activity Records, Inc.</publisher>
		<rom name="pronouns 1 (1980)(activity records, inc.).wav" size="8304786" crc="f19b0449" sha1="df5877f923b89a65619692e3bbda60540eac225f" />
	</machine>
	<machine name="eapro2n">
		<description>Pronouns 2</description>
		<year>1980</year>
		<publisher>Activity Records, Inc.</publisher>
		<rom name="pronouns 2 (1980)(activity records, inc.).wav" size="8766592" crc="369ebd25" sha1="c21773b0807136aa48852b21f6395069a9daa38e" />
	</machine>
	<machine name="eapro3n">
		<description>Pronouns 3</description>
		<year>1980</year>
		<publisher>Activity Records, Inc.</publisher>
		<rom name="pronouns 3 (1980)(activity records, inc.).wav" size="11746820" crc="32331088" sha1="dd8b94cef82c34fab6802a4962c6089c13d2003f" />
	</machine>
	<machine name="eapro4n">
		<description>Pronouns 4</description>
		<year>1980</year>
		<publisher>Activity Records, Inc.</publisher>
		<rom name="pronouns 4 (1980)(activity records, inc.).wav" size="11164358" crc="3e59fc0a" sha1="9c7f23385261ebee93ea0cef13145683af0119eb" />
	</machine>
	<machine name="eascrln">
		<description>Scrambled Letters</description>
		<year>1980</year>
		<publisher>Activity Records, Inc.</publisher>
		<rom name="scrambled letters (1980)(activity records, inc.).wav" size="10495222" crc="1d22b476" sha1="47b5c68929acc4542442a065a13d4de6bbfbd8dc" />
	</machine>
	<machine name="easyn1n">
		<description>Synonyms 1</description>
		<year>1980</year>
		<publisher>Activity Records, Inc.</publisher>
		<rom name="synonyms 1 (1980)(activity records, inc.).wav" size="10756002" crc="84775373" sha1="7056dd8f4114b6da432ba60238e1c25577e03a56" />
	</machine>
	<machine name="easyn2n">
		<description>Synonyms 2</description>
		<year>1980</year>
		<publisher>Activity Records, Inc.</publisher>
		<rom name="synonyms 2 (1980)(activity records, inc.).wav" size="11090060" crc="97b76ece" sha1="58b5180d0a4bc1ea7660f177b2ef474c83213f75" />
	</machine>
	<machine name="easyn3n">
		<description>Synonyms 3</description>
		<year>1980</year>
		<publisher>Activity Records, Inc.</publisher>
		<rom name="synonyms 3 (1980)(activity records, inc.).wav" size="11520754" crc="b03171be" sha1="39dc6de8545160656b306d4b767140b055bbc426" />
	</machine>
	<machine name="easyn4n">
		<description>Synonyms 4</description>
		<year>1980</year>
		<publisher>Activity Records, Inc.</publisher>
		<rom name="synonyms 4 (1980)(activity records, inc.).wav" size="11056074" crc="221953dc" sha1="0d9914a7f01ebbd5c3397f5dbc31b39daf3954c6" />
	</machine>
	<machine name="eaver1n">
		<description>Verbs 1</description>
		<year>1980</year>
		<publisher>Activity Records, Inc.</publisher>
		<rom name="verbs 1 (1980)(activity records, inc.).wav" size="11064470" crc="e0374a46" sha1="605b1965f4e801942674ad9dc809e753157d0144" />
	</machine>
	<machine name="eaver2n">
		<description>Verbs 2</description>
		<year>1980</year>
		<publisher>Activity Records, Inc.</publisher>
		<rom name="verbs 2 (1980)(activity records, inc.).wav" size="11635338" crc="0935674a" sha1="ecab049a8f243d669f000e2782621fb6b98443e9" />
	</machine>
	<machine name="eaver3n">
		<description>Verbs 3</description>
		<year>1980</year>
		<publisher>Activity Records, Inc.</publisher>
		<rom name="verbs 3 (1980)(activity records, inc.).wav" size="11407390" crc="0564d783" sha1="41e30fa7b480714f735fb6ad8933cd4a187d227a" />
	</machine>
	<machine name="eaver4n">
		<description>Verbs 4</description>
		<year>1980</year>
		<publisher>Activity Records, Inc.</publisher>
		<rom name="verbs 4 (1980)(activity records, inc.).wav" size="12043578" crc="84f2e68f" sha1="ba1a92a613cbaf1db870ee864d097c90c7842fc7" />
	</machine>
	<machine name="escape">
		<description>Escape from the Death Planet</description>
		<year>1979</year>
		<publisher>Fantasy Games Software</publisher>
		<rom name="escape from the death planet (1979)(fantasy games software).wav" size="12746666" crc="4fc9abf2" sha1="572feaa721b687f77a4fcc69147a7e3cab810cc8" />
	</machine>
	<machine name="galaxy">
		<description>GALAXY!</description>
		<year>1982</year>
		<publisher>Microcomputer Games</publisher>
		<rom name="galaxy (1982)(avalon hill).wav" size="21505180" crc="d9475975" sha1="56532c57ebf8935212c410eebc7d9192c3c6578c" />
	</machine>
	<machine name="galxyg">
		<description>Galaxy Games</description>
		<year>1978</year>
		<publisher>Commodore Business Machines, Inc.</publisher>
		<rom name="galaxy games (1978)(commodore business machines).wav" size="10910060" crc="42d61509" sha1="50111ae9ff9384c07f4abce2bb9630409673c96b" />
	</machine>
	<machine name="gunsfd">
		<description>The Guns of Fort Defiance</description>
		<year>1981</year>
		<publisher>Commodore Business Machines, Inc.</publisher>
		<rom name="guns of fort defiance (1981)(avalon hill).wav" size="23077818" crc="cfd4e5fc" sha1="7a63c28e46ebd6893d7ea02aef0b9665b6e9dc8f" />
	</machine>
	<machine name="ksm01">
		<description>College Board Math Part 1</description>
		<year>1980</year>
		<publisher>Krell Software</publisher>
		<rom name="college board math part 1+ (1980)(krell software).wav" size="14099000" crc="2b0daf17" sha1="94c22b79b199b65b5739106cad9d305819cff408" />
	</machine>
	<machine name="ksm02">
		<description>College Board Math Part 2</description>
		<year>1980</year>
		<publisher>Krell Software</publisher>
		<rom name="college board math part 2+ (1980)(krell software).wav" size="19368642" crc="111bc02c" sha1="033792da31836d8d057a50fcb602fc495746a240" />
	</machine>
	<machine name="ksm03">
		<description>College Board Math Part 3</description>
		<year>1980</year>
		<publisher>Krell Software</publisher>
		<rom name="college board math part 3+ (1980)(krell software).wav" size="13871032" crc="e7a7d47c" sha1="aad3517292885d582cbd74b63726c1c5d1c4bead" />
	</machine>
	<machine name="ksm04">
		<description>College Board Math Part 4</description>
		<year>1980</year>
		<publisher>Krell Software</publisher>
		<rom name="college board math part 4+ (1980)(krell software).wav" size="19069232" crc="e4dea20f" sha1="9357c5725e78141ebdff4f995aee3b544762cd87" />
	</machine>
	<machine name="ksm05">
		<description>College Board Math Part 5</description>
		<year>1980</year>
		<publisher>Krell Software</publisher>
		<rom name="college board math part 5+ (1980)(krell software).wav" size="17746636" crc="837d92df" sha1="4f07e353ea346a3c78c0adeb8299b428cbb1d545" />
	</machine>
	<machine name="ksm09">
		<description>College Board Math Part 9</description>
		<year>1980</year>
		<publisher>Krell Software</publisher>
		<rom name="college board math part 9+ (1980)(krell software).wav" size="12317246" crc="b8e265da" sha1="d6fe4acb04ee8e1c48915a8cea5c75a1083d58c3" />
	</machine>
	<machine name="ksm10">
		<description>College Board Math Part 10</description>
		<year>1980</year>
		<publisher>Krell Software</publisher>
		<rom name="college board math part 10+ (1980)(krell software).wav" size="13791288" crc="4623f2b0" sha1="6071ff88a1eb9c8834c7bca9ec563bc54c26f31d" />
	</machine>
	<machine name="ksm11">
		<description>College Board Math Part 11</description>
		<year>1980</year>
		<publisher>Krell Software</publisher>
		<rom name="college board math part 11+ (1980)(krell software).wav" size="11918766" crc="d9c5ee3c" sha1="75470dde606d08b0057ed9eed2360d75082b719a" />
	</machine>
	<machine name="ksm12">
		<description>College Board Math Part 12</description>
		<year>1980</year>
		<publisher>Krell Software</publisher>
		<rom name="college board math part 12+ (1980)(krell software).wav" size="14271262" crc="3a5e5f37" sha1="3a76a189e31bc4dca1c4fe48ba237ff91cef506b" />
	</machine>
	<machine name="ksm13">
		<description>College Board Math Part 13</description>
		<year>1980</year>
		<publisher>Krell Software</publisher>
		<rom name="college board math part 13+ (1980)(krell software).wav" size="13718180" crc="980e026c" sha1="da8aa15385c06336b5c463c368ae6ebcd1662497" />
	</machine>
	<machine name="ksv01">
		<description>College Board Vocabulary Part 1</description>
		<year>1980</year>
		<publisher>Krell Software</publisher>
		<rom name="college board vocabulary part 1+ (1980)(krell software).wav" size="11861270" crc="b9e2864e" sha1="0f618d783a6f49b6b9b9381b8a38979877b87a89" />
	</machine>
	<machine name="ksv02">
		<description>College Board Vocabulary Part 2</description>
		<year>1980</year>
		<publisher>Krell Software</publisher>
		<rom name="college board vocabulary part 2+ (1980)(krell software).wav" size="12765386" crc="a4e73944" sha1="f9268276ca9e9491b78414de629375ab7a0cbb6f" />
	</machine>
	<machine name="ksv03">
		<description>College Board Vocabulary Part 3</description>
		<year>1980</year>
		<publisher>Krell Software</publisher>
		<rom name="college board vocabulary part 3+ (1980)(krell software).wav" size="12829774" crc="efd8deed" sha1="79b1da7e0affc4a7a8b0c6f3524641287134fcb8" />
	</machine>
	<machine name="ksv04">
		<description>College Board Vocabulary Part 4</description>
		<year>1980</year>
		<publisher>Krell Software</publisher>
		<rom name="college board vocabulary part 4+ (1980)(krell software).wav" size="12757712" crc="f80f4e82" sha1="ebf14fb9b40e991a207fd2a2de091ee1591b7a56" />
	</machine>
	<machine name="ksv05">
		<description>College Board Vocabulary Part 5</description>
		<year>1980</year>
		<publisher>Krell Software</publisher>
		<rom name="college board vocabulary part 5+ (1980)(krell software).wav" size="12986898" crc="e749abd8" sha1="f0827496c27ea213f6545fd69b26b4d85a5a00ca" />
	</machine>
	<machine name="ksv06">
		<description>College Board Vocabulary Part 6</description>
		<year>1980</year>
		<publisher>Krell Software</publisher>
		<rom name="college board vocabulary part 6+ (1980)(krell software).wav" size="12798454" crc="77eb8793" sha1="78aba3db6fbbfdc24a4b43630880cf646cc264b8" />
	</machine>
	<machine name="ksv07">
		<description>College Board Vocabulary Part 7</description>
		<year>1980</year>
		<publisher>Krell Software</publisher>
		<rom name="college board vocabulary part 7+ (1980)(krell software).wav" size="9986504" crc="91721613" sha1="2e2595428e4861a24c64a8af02891ac007795e37" />
	</machine>
	<machine name="ksw01">
		<description>College Board Word Relationships Part 1</description>
		<year>1980</year>
		<publisher>Krell Software</publisher>
		<rom name="college board word relationships part 1+ (1980)(krell software).wav" size="16797924" crc="b446fc5d" sha1="d1db2ef611ce80f5cf338c816e0e79794a41d706" />
	</machine>
	<machine name="ksw02">
		<description>College Board Word Relationships Part 2</description>
		<year>1980</year>
		<publisher>Krell Software</publisher>
		<rom name="college board word relationships part 2+ (1980)(krell software).wav" size="18448346" crc="508c57c2" sha1="196df31d9548b0da85381dc53e3a589ceb7feffa" />
	</machine>
	<machine name="mchess2">
		<description>Microchess 2.0</description>
		<year>1978</year>
		<publisher>Micro-ware</publisher>
		<rom name="microchess 2.0 (1978)(micro-ware).wav" size="12645082" crc="8b93c40b" sha1="9863092ba8e435749d98ad69e395c577dfc3cadf" />
	</machine>
	<machine name="meadd">
		<description>Adding with Objects</description>
		<year>1980</year>
		<publisher>Micro-Ed, Inc.</publisher>
		<rom name="adding with objects (1980)(micro-ed, inc.).wav" size="6555666" crc="12856524" sha1="3ed6e22a6c41e7d1792397e25745076adbc1cef9" />
	</machine>
	<machine name="meagr">
		<description>Agreement of Subject and Verb</description>
		<year>1980</year>
		<publisher>Micro-Ed, Inc.</publisher>
		<rom name="agreement of subject and verb (1980)(micro-ed, inc.).wav" size="9462158" crc="f1cb1a8b" sha1="e1f9dfa609ca3658fd88aeea0711a1deffdf4bf7" />
	</machine>
	<machine name="meant">
		<description>The Antonym Machine</description>
		<year>1980</year>
		<publisher>Micro-Ed, Inc.</publisher>
		<rom name="antonym machine (1980)(micro-ed, inc.).wav" size="7777350" crc="93a9b797" sha1="8cb83adbefc31f1c2ffdea3fc363863b32193a48" />
	</machine>
	<machine name="mecou">
		<description>Count 'Em</description>
		<year>1980</year>
		<publisher>Micro-Ed, Inc.</publisher>
		<rom name="count'em (1980)(micro-ed, inc.).wav" size="4665288" crc="f907724c" sha1="2a1d57a3c3493cc1629cacda3b890426c503d34b" />
	</machine>
	<machine name="medir">
		<description>Direction and Distance</description>
		<year>1980</year>
		<publisher>Micro-Ed, Inc.</publisher>
		<rom name="direction and distance (1980)(micro-ed, inc.).wav" size="11304042" crc="e5427fa9" sha1="714ae1638c7eb935c4c92d889600ed0195fd7cf9" />
	</machine>
	<machine name="mehai">
		<description>H A I K U</description>
		<year>1980</year>
		<publisher>Micro-Ed, Inc.</publisher>
		<rom name="haiku (1980)(micro-ed, inc.).wav" size="7779092" crc="3e3a59ff" sha1="63682033497e003ccdc7de355eeaba37be72ee3c" />
	</machine>
	<machine name="mehat">
		<description>Hat in the Ring - A Presidential Election Game</description>
		<year>1980</year>
		<publisher>Micro-Ed, Inc.</publisher>
		<rom name="hat in the ring - a presidential election game (1980)(micro-ed, inc.).wav" size="9908016" crc="4634edc1" sha1="532e386e5b04526ded6ea9a3ef033eb14f41dc55" />
	</machine>
	<machine name="mehig">
		<description>Higher Same Lower</description>
		<year>1980</year>
		<publisher>Micro-Ed, Inc.</publisher>
		<rom name="higher same lower (1980)(micro-ed, inc.).wav" size="9332600" crc="d45a188a" sha1="709d1b24fa3f5f83e3ddde9bca7dcc24ef798af1" />
	</machine>
	<machine name="mehom">
		<description>The Homonym Machine</description>
		<year>1980</year>
		<publisher>Micro-Ed, Inc.</publisher>
		<rom name="homonym machine (1980)(micro-ed, inc.).wav" size="7706736" crc="1abc077b" sha1="90fb702e83fcb4d239fc63ab48389336f247c78c" />
	</machine>
	<machine name="meide">
		<description>Identifying Complete Sentences</description>
		<year>1980</year>
		<publisher>Micro-Ed, Inc.</publisher>
		<rom name="identifying complete sentences (1980)(micro-ed, inc.).wav" size="8523762" crc="cd3df5f6" sha1="a3f784b4fe54cce3e91f7c70797553669aae134f" />
	</machine>
	<machine name="meits">
		<description>Its - It's Your - Your're</description>
		<year>1980</year>
		<publisher>Micro-Ed, Inc.</publisher>
		<rom name="its - it's your - your're (1980)(micro-ed, inc.).wav" size="8014530" crc="80c8c061" sha1="7cde83c1cdb2d3886b9f6e2feceb2c77d6bd7d0b" />
	</machine>
	<machine name="memac">
		<description>Marching Capital Letters</description>
		<year>1980</year>
		<publisher>Micro-Ed, Inc.</publisher>
		<rom name="matching capital letters (1980)(micro-ed, inc.).wav" size="11208928" crc="05ac62a3" sha1="9b95b252036fbecfdc2e77ff2f104ea7b8cac8f8" />
	</machine>
	<machine name="memacl">
		<description>Matching Capital Letters Light Pen</description>
		<year>1980</year>
		<publisher>Micro-Ed, Inc.</publisher>
		<rom name="matching capital letters light pen (1980)(micro-ed, inc.).wav" size="11469566" crc="0dcb9651" sha1="e633c9493ce2b309021ca9045c988a6a93636776" />
	</machine>
	<machine name="memak">
		<description>Making an Outline</description>
		<year>1980</year>
		<publisher>Micro-Ed, Inc.</publisher>
		<rom name="making an outline (1980)(micro-ed, inc.).wav" size="11393146" crc="94e7c72e" sha1="c6c064dd41338771ca09cb43749bb1e85118f5ca" />
	</machine>
	<machine name="memat">
		<description>Matching Rhythms</description>
		<year>1980</year>
		<publisher>Micro-Ed, Inc.</publisher>
		<rom name="matching rhythms (1980)(micro-ed, inc.).wav" size="6274548" crc="9b3a4fc7" sha1="43bee456a7052d07f9b3feb1a25393263aed69b1" />
	</machine>
	<machine name="memath">
		<description>The Math Bid Game</description>
		<year>1980</year>
		<publisher>Micro-Ed, Inc.</publisher>
		<rom name="math bid game (1980)(micro-ed, inc.).wav" size="12270988" crc="cd21011f" sha1="d5e0e111492d5f2c57381404fc62dd4880b82a41" />
	</machine>
	<machine name="mepet">
		<description>The Friendly Shrink</description>
		<year>1980</year>
		<publisher>Micro-Ed, Inc.</publisher>
		<rom name="pet counselor (1980)(micro-ed, inc.).wav" size="11888514" crc="861a580a" sha1="f3edb3b7effe5a023dece84a87b14360066b74b0" />
	</machine>
	<machine name="mesa1">
		<description>Spelling Words in Context A1</description>
		<year>1980</year>
		<publisher>Micro-Ed, Inc.</publisher>
		<rom name="spelling words in context a1 (1980)(micro-ed, inc.).wav" size="12120440" crc="915488f0" sha1="3a3d8b59f508713e34453980f3965b1915620c16" />
	</machine>
	<machine name="mesa2">
		<description>Spelling Words in Context A2</description>
		<year>1980</year>
		<publisher>Micro-Ed, Inc.</publisher>
		<rom name="spelling words in context a2 (1980)(micro-ed, inc.).wav" size="10854988" crc="6fa8535b" sha1="e8dd75ff0a58d7b5a4bc0c5b03401c68024f1d9f" />
	</machine>
	<machine name="mesa3">
		<description>Spelling Words in Context A3</description>
		<year>1980</year>
		<publisher>Micro-Ed, Inc.</publisher>
		<rom name="spelling words in context a3 (1980)(micro-ed, inc.).wav" size="10371380" crc="2ad1f48f" sha1="a79f7d05c53526187f162b81bbbeb03d2d408029" />
	</machine>
	<machine name="mesa4">
		<description>Spelling Words in Context A4</description>
		<year>1980</year>
		<publisher>Micro-Ed, Inc.</publisher>
		<rom name="spelling words in context a4 (1980)(micro-ed, inc.).wav" size="10754692" crc="83712190" sha1="be763ebc4280f43afe8bce4c3f33e12452dd573f" />
	</machine>
	<machine name="mesa5">
		<description>Spelling Words in Context A5</description>
		<year>1980</year>
		<publisher>Micro-Ed, Inc.</publisher>
		<rom name="spelling words in context a5 (1980)(micro-ed, inc.).wav" size="10738816" crc="4c0e5869" sha1="52fd4a653009ccf7b0acd54c5ae34970898fb91f" />
	</machine>
	<machine name="mesa6">
		<description>Spelling Words in Context A6</description>
		<year>1980</year>
		<publisher>Micro-Ed, Inc.</publisher>
		<rom name="spelling words in context a6 (1980)(micro-ed, inc.).wav" size="10716836" crc="579bb2f1" sha1="48e3aa42481ddf8d34cb8f7bf0b96b098a32f246" />
	</machine>
	<machine name="mesa7">
		<description>Spelling Words in Context A7</description>
		<year>1980</year>
		<publisher>Micro-Ed, Inc.</publisher>
		<rom name="spelling words in context a7 (1980)(micro-ed, inc.).wav" size="11128438" crc="bda9a189" sha1="d04fe6a79d8d62483c65757376b2dec49e3a44fc" />
	</machine>
	<machine name="mesb1">
		<description>Spelling Words in Context B1</description>
		<year>1980</year>
		<publisher>Micro-Ed, Inc.</publisher>
		<rom name="spelling words in context b1 (1980)(micro-ed, inc.).wav" size="11797214" crc="79d0cdd3" sha1="7083e257da67384e7dc7d8a21aab0e92694c12ba" />
	</machine>
	<machine name="mesb2">
		<description>Spelling Words in Context B2</description>
		<year>1980</year>
		<publisher>Micro-Ed, Inc.</publisher>
		<rom name="spelling words in context b2 (1980)(micro-ed, inc.).wav" size="10602204" crc="a121a9c6" sha1="482e4dfa9e667f4a26d944526bb170bf8104eb59" />
	</machine>
	<machine name="mesb3">
		<description>Spelling Words in Context B3</description>
		<year>1980</year>
		<publisher>Micro-Ed, Inc.</publisher>
		<rom name="spelling words in context b3 (1980)(micro-ed, inc.).wav" size="11332420" crc="335ce6d5" sha1="53200df400e1a898d6a1f2ab031921cd2cb33152" />
	</machine>
	<machine name="mesb4">
		<description>Spelling Words in Context B4</description>
		<year>1980</year>
		<publisher>Micro-Ed, Inc.</publisher>
		<rom name="spelling words in context b4 (1980)(micro-ed, inc.).wav" size="11035652" crc="ed719a01" sha1="bc1f27ed1160e18d5ec9077f94b78259c9b17d13" />
	</machine>
	<machine name="mesb5">
		<description>Spelling Words in Context B5</description>
		<year>1980</year>
		<publisher>Micro-Ed, Inc.</publisher>
		<rom name="spelling words in context b5 (1980)(micro-ed, inc.).wav" size="10844138" crc="a823a8c7" sha1="ccbe6ac92eee9465f37b17c5ef11b0231e5aafe7" />
	</machine>
	<machine name="mesb6">
		<description>Spelling Words in Context B6</description>
		<year>1980</year>
		<publisher>Micro-Ed, Inc.</publisher>
		<rom name="spelling words in context b6 (1980)(micro-ed, inc.).wav" size="10975902" crc="407dd504" sha1="c2db0a891b219f7c3e16539d847f22c72213da55" />
	</machine>
	<machine name="mesb7">
		<description>Spelling Words in Context B7</description>
		<year>1980</year>
		<publisher>Micro-Ed, Inc.</publisher>
		<rom name="spelling words in context b7 (1980)(micro-ed, inc.).wav" size="11032540" crc="d826f234" sha1="c54c4920a860d95c008d8db3086a706eef787a94" />
	</machine>
	<machine name="mesc1">
		<description>Spelling Words in Context C1</description>
		<year>1980</year>
		<publisher>Micro-Ed, Inc.</publisher>
		<rom name="spelling words in context c1 (1980)(micro-ed, inc.).wav" size="11604010" crc="6f80e116" sha1="ea1381ae215f49afee7057c3cb8c76dcc1db4216" />
	</machine>
	<machine name="mesc2">
		<description>Spelling Words in Context C2</description>
		<year>1980</year>
		<publisher>Micro-Ed, Inc.</publisher>
		<rom name="spelling words in context c2 (1980)(micro-ed, inc.).wav" size="11282154" crc="83d8b273" sha1="02517f3aee060bb350abd070011ba36f87806c2b" />
	</machine>
	<machine name="mesc3">
		<description>Spelling Words in Context C3</description>
		<year>1980</year>
		<publisher>Micro-Ed, Inc.</publisher>
		<rom name="spelling words in context c3 (1980)(micro-ed, inc.).wav" size="11200692" crc="48b4014c" sha1="5a2f1ca9445b6d34f3186998989c7406067685bb" />
	</machine>
	<machine name="mesc4">
		<description>Spelling Words in Context C4</description>
		<year>1980</year>
		<publisher>Micro-Ed, Inc.</publisher>
		<rom name="spelling words in context c4 (1980)(micro-ed, inc.).wav" size="10836300" crc="992f2985" sha1="5922baf4c62062d884fdfde88892759987f1e391" />
	</machine>
	<machine name="mesc5">
		<description>Spelling Words in Context C5</description>
		<year>1980</year>
		<publisher>Micro-Ed, Inc.</publisher>
		<rom name="spelling words in context c5 (1980)(micro-ed, inc.).wav" size="11478520" crc="477c148a" sha1="46928c9e373930cb80515747b21d1df2d35e7e08" />
	</machine>
	<machine name="mesc6">
		<description>Spelling Words in Context C6</description>
		<year>1980</year>
		<publisher>Micro-Ed, Inc.</publisher>
		<rom name="spelling words in context c6 (1980)(micro-ed, inc.).wav" size="11550666" crc="8aacfd96" sha1="cfae446f3a0fdfb835b589471ffbc8520a76d1f3" />
	</machine>
	<machine name="mesc7">
		<description>Spelling Words in Context C7</description>
		<year>1980</year>
		<publisher>Micro-Ed, Inc.</publisher>
		<rom name="spelling words in context c7 (1980)(micro-ed, inc.).wav" size="11618096" crc="b4ab1719" sha1="7a7b55fe3626ba99451539d34f94260244104ffa" />
	</machine>
	<machine name="mesd1">
		<description>Spelling Words in Context D1</description>
		<year>1980</year>
		<publisher>Micro-Ed, Inc.</publisher>
		<rom name="spelling words in context d1 (1980)(micro-ed, inc.).wav" size="11567928" crc="2ea51e3c" sha1="a5e4db0c6675575d906d135be3941a1b30b8c28c" />
	</machine>
	<machine name="mesd2">
		<description>Spelling Words in Context D2</description>
		<year>1980</year>
		<publisher>Micro-Ed, Inc.</publisher>
		<rom name="spelling words in context d2 (1980)(micro-ed, inc.).wav" size="11090568" crc="a31ec81e" sha1="31a601c1e34dbe3122b78c14c0fa21f471eb4671" />
	</machine>
	<machine name="mesd3">
		<description>Spelling Words in Context D3</description>
		<year>1980</year>
		<publisher>Micro-Ed, Inc.</publisher>
		<rom name="spelling words in context d3 (1980)(micro-ed, inc.).wav" size="11197486" crc="83e07dec" sha1="c06ebfea59d2ee7f3829a08dd175c39d9fb31125" />
	</machine>
	<machine name="mesd4">
		<description>Spelling Words in Context D4</description>
		<year>1980</year>
		<publisher>Micro-Ed, Inc.</publisher>
		<rom name="spelling words in context d4 (1980)(micro-ed, inc.).wav" size="11436024" crc="d35528aa" sha1="8977552165e5d44faebe111363f686cdfd59b9e3" />
	</machine>
	<machine name="mesd5">
		<description>Spelling Words in Context D5</description>
		<year>1980</year>
		<publisher>Micro-Ed, Inc.</publisher>
		<rom name="spelling words in context d5 (1980)(micro-ed, inc.).wav" size="11616560" crc="4c8be6d8" sha1="1fcf3055be2ee8c5f8e09012d878ceddb4bddd87" />
	</machine>
	<machine name="mesd6">
		<description>Spelling Words in Context D6</description>
		<year>1980</year>
		<publisher>Micro-Ed, Inc.</publisher>
		<rom name="spelling words in context d6 (1980)(micro-ed, inc.).wav" size="12204042" crc="7fc3fbfe" sha1="a07603d2e1683a73f4c2bbc4b73494d098cb1e4a" />
	</machine>
	<machine name="mesd7">
		<description>Spelling Words in Context D7</description>
		<year>1980</year>
		<publisher>Micro-Ed, Inc.</publisher>
		<rom name="spelling words in context d7 (1980)(micro-ed, inc.).wav" size="11786164" crc="4eecec97" sha1="05983873115aff52f6da96cc470dfde6a239c896" />
	</machine>
	<machine name="mese1">
		<description>Spelling Words in Context E1</description>
		<year>1980</year>
		<publisher>Micro-Ed, Inc.</publisher>
		<rom name="spelling words in context e1 (1980)(micro-ed, inc.).wav" size="12089150" crc="8a93b48d" sha1="0e7238f4582f23aa0e5bdc1366e3dc95e5be2820" />
	</machine>
	<machine name="mese2">
		<description>Spelling Words in Context E2</description>
		<year>1980</year>
		<publisher>Micro-Ed, Inc.</publisher>
		<rom name="spelling words in context e2 (1980)(micro-ed, inc.).wav" size="11365468" crc="92772642" sha1="ab8af4dcd1ff959f697c635e56deaed381a14b40" />
	</machine>
	<machine name="mese3">
		<description>Spelling Words in Context E3</description>
		<year>1980</year>
		<publisher>Micro-Ed, Inc.</publisher>
		<rom name="spelling words in context e3 (1980)(micro-ed, inc.).wav" size="11266374" crc="3f5a3729" sha1="1ef3b6b1d8030b373910ad9cf98e57599708e9a5" />
	</machine>
	<machine name="mese4">
		<description>Spelling Words in Context E4</description>
		<year>1980</year>
		<publisher>Micro-Ed, Inc.</publisher>
		<rom name="spelling words in context e4 (1980)(micro-ed, inc.).wav" size="11533462" crc="18f953b6" sha1="9bef1105cc88a4dadef36a61630bb3125cc1d493" />
	</machine>
	<machine name="mese5">
		<description>Spelling Words in Context E5</description>
		<year>1980</year>
		<publisher>Micro-Ed, Inc.</publisher>
		<rom name="spelling words in context e5 (1980)(micro-ed, inc.).wav" size="11426528" crc="244bb119" sha1="cb7f8a9cd42f7cc29320463efdee860be798aaee" />
	</machine>
	<machine name="mese6">
		<description>Spelling Words in Context E6</description>
		<year>1980</year>
		<publisher>Micro-Ed, Inc.</publisher>
		<rom name="spelling words in context e6 (1980)(micro-ed, inc.).wav" size="11772280" crc="d2f899d4" sha1="431db5d9aba9099b0a0d54f77babee5a54585c35" />
	</machine>
	<machine name="mese7">
		<description>Spelling Words in Context E7</description>
		<year>1980</year>
		<publisher>Micro-Ed, Inc.</publisher>
		<rom name="spelling words in context e7 (1980)(micro-ed, inc.).wav" size="12145764" crc="36c66eaa" sha1="271b8b67c33d190569c9ca4f25e530ab99adb2c2" />
	</machine>
	<machine name="mesto">
		<description>Story Problems in Addition Subtraction</description>
		<year>1980</year>
		<publisher>Micro-Ed, Inc.</publisher>
		<rom name="story problems in addition subtraction (1980)(micro-ed, inc.).wav" size="10107624" crc="c8dcaa52" sha1="2b249c31ec9b7143ded741586dde2bcaafbe8610" />
	</machine>
	<machine name="mesyn">
		<description>Synonym Game</description>
		<year>1980</year>
		<publisher>Micro-Ed, Inc.</publisher>
		<rom name="synonym game (1980)(micro-ed, inc.).wav" size="8982972" crc="c67f525c" sha1="d27ea0c6861891f2d72887a8283301cbd1a334e5" />
	</machine>
	<machine name="metot">
		<description>To Too Two</description>
		<year>1980</year>
		<publisher>Micro-Ed, Inc.</publisher>
		<rom name="to too two (1980)(micro-ed, inc.).wav" size="8146668" crc="e31418b3" sha1="536c1f802a6967082e3e413ec67de588ccdd49ba" />
	</machine>
	<machine name="meusa">
		<description>Usage - Exercise Thirteen</description>
		<year>1980</year>
		<publisher>Micro-Ed, Inc.</publisher>
		<rom name="usage - exercise thirteen (1980)(micro-ed, inc.).wav" size="9461248" crc="b3a85d58" sha1="128cd4c463112d0db0eb8743b536a7b435a21bf7" />
	</machine>
	<machine name="mewoa">
		<description>Working With Basic Addition Facts</description>
		<year>1980</year>
		<publisher>Micro-Ed, Inc.</publisher>
		<rom name="working with basic addition facts (1980)(micro-ed, inc.).wav" size="10474678" crc="f9e35031" sha1="cf34f97ec208b69ad9233f9691f05bd6d4772148" />
	</machine>
	<machine name="mewom">
		<description>Working With Basic Multiplication Facts</description>
		<year>1980</year>
		<publisher>Micro-Ed, Inc.</publisher>
		<rom name="working with basic multiplication facts (1980)(micro-ed, inc.).wav" size="10496564" crc="f2d5c183" sha1="afef2c1feec1ae1b7e1bd25ff67a33849165dbd2" />
	</machine>
	<machine name="micros">
		<description>Microsail</description>
		<year>1980</year>
		<publisher>Micro-ware</publisher>
		<rom name="microsail (1980)(hayden book company).wav" size="11487312" crc="98cbccfe" sha1="b72881d5d192e917a2f1066f5d14f0d54f1d1223" />
	</machine>
	<machine name="midway">
		<description>Midway Campaign</description>
		<year>1980</year>
		<publisher>Microcomputer Games</publisher>
		<rom name="midway campaign (1980)(avalon hill).wav" size="23443232" crc="7aa50725" sha1="420fadf2b52613860e5496284e97da229d67447e" />
	</machine>
	<machine name="miead">
		<description>Add-Facts 0-5</description>
		<year>1980</year>
		<publisher>Microcomputers in Education</publisher>
		<rom name="add-facts 0-5 (1980)(microcomputers in education).wav" size="9586212" crc="e6a993a5" sha1="ed2be67e0d3e43083c571c7ddcecd45e717c1a21" />
	</machine>
	<machine name="mieal">
		<description>Alphabet</description>
		<year>1980</year>
		<publisher>Microcomputers in Education</publisher>
		<rom name="alphabet (1980)(microcomputers in education).wav" size="5242866" crc="8d757151" sha1="dced7629b88c4af59b36397e5941325280b69ffd" />
	</machine>
	<machine name="miebo">
		<description>Book Shelf</description>
		<year>1980</year>
		<publisher>Microcomputers in Education</publisher>
		<rom name="bookshelf (1980)(microcomputers in education).wav" size="10760580" crc="92b92df5" sha1="ed9cc8c68c010c07bdaf593fb594c89cc8d830fd" />
	</machine>
	<machine name="mieca">
		<description>Careers</description>
		<year>1980</year>
		<publisher>Microcomputers in Education</publisher>
		<rom name="careers (1980)(microcomputers in education).wav" size="11462148" crc="3c7f32b0" sha1="0a8e78fa2125eb8442a31234dd628df88d1f59eb" />
	</machine>
	<machine name="mieco">
		<description>Column Add</description>
		<year>1980</year>
		<publisher>Microcomputers in Education</publisher>
		<rom name="column add (1980)(microcomputers in education).wav" size="10387018" crc="bcb30870" sha1="12aba9347328f7ed8fccd548f45ae23ae67b0de3" />
	</machine>
	<machine name="miefr">
		<description>Fractions</description>
		<year>1980</year>
		<publisher>Microcomputers in Education</publisher>
		<rom name="fractions 1 (1980)(microcomputers in education).wav" size="9350666" crc="34497eb3" sha1="a3851e20b974be30a3530a6ec770ecc5aac71ecd" />
	</machine>
	<machine name="mieli">
		<description>Lightbulbs</description>
		<year>1979</year>
		<publisher>Microcomputers in Education</publisher>
		<rom name="lightbulbs 1 (1979)(microcomputers in education).wav" size="11726992" crc="4229aa6c" sha1="a9b17aa07cfcbc18c699f70a62e3f3bea8331257" />
	</machine>
	<machine name="mieru">
		<description>Ruler - Fractions</description>
		<year>1980</year>
		<publisher>Microcomputers in Education</publisher>
		<rom name="ruler - fractions (1980)(microcomputers in education).wav" size="10218784" crc="774caab9" sha1="3a564d02f74944b0f4624f14d4de6c2218efb577" />
	</machine>
	<machine name="miesy">
		<description>Synonyms</description>
		<year>1980</year>
		<publisher>Microcomputers in Education</publisher>
		<rom name="synonyms (1980)(microcomputers in education).wav" size="10377506" crc="4da7f52a" sha1="5447205b152443c5294664e505b2ce8faada4b30" />
	</machine>
	<machine name="mieve">
		<description>Verbs - Being</description>
		<year>1981</year>
		<publisher>Microcomputers in Education</publisher>
		<rom name="ruler - verbs-being (1981)(microcomputers in education).wav" size="11060680" crc="1f6ebb0f" sha1="b548e1a002c47f9bce59349945859e4b0a11cc5f" />
	</machine>
	<machine name="miewo">
		<description>Word Scrambler</description>
		<year>1980</year>
		<publisher>Microcomputers in Education</publisher>
		<rom name="word scrambler (1980)(microcomputers in education).wav" size="10503278" crc="d162ac07" sha1="2d38734101193a75b6c841cd72a337ac08090e12" />
	</machine>
	<machine name="mpbar">
		<description>Bar Graphs</description>
		<year>1979</year>
		<publisher>Microphys</publisher>
		<rom name="bar graphs (1979)(microphys).wav" size="8926802" crc="f6e36ed4" sha1="1c153e02aee40803a8d9fe24e446c3c01c5d3a5a" />
	</machine>
	<machine name="mpcoo">
		<description>Coord. Geometry I</description>
		<year>1979</year>
		<publisher>Microphys</publisher>
		<rom name="coord. geometry i (1979)(microphys).wav" size="9515994" crc="5b42f826" sha1="8d6e5adcb5cb357679dd257fb8de7eecb03fa6c5" />
	</machine>
	<machine name="mpgeo">
		<description>Geometrical Areas</description>
		<year>1979</year>
		<publisher>Microphys</publisher>
		<rom name="geometrical areas (1979)(microphys).wav" size="9645178" crc="c298319e" sha1="7c6286bb9c5edb16a8e37d0aa6d2cbd4490f30fb" />
	</machine>
	<machine name="mppro">
		<description>Projectile Motion Analyis</description>
		<year>1979</year>
		<publisher>Microphys</publisher>
		<rom name="projectile motion analysis (1979)(microphys).wav" size="11769800" crc="3a28bd64" sha1="69368891a924ed75068f2b5f4e1d0aa6f8a6f6e7" />
	</machine>
	<machine name="mptr1">
		<description>Trigonometry I</description>
		<year>1979</year>
		<publisher>Microphys</publisher>
		<rom name="trigonometry i (1979)(microphys).wav" size="6706460" crc="6f8e1e85" sha1="a5f5592d63ac044171f5982a2d5419d6aa37639e" />
	</machine>
	<machine name="mptr2">
		<description>Trigonometry II</description>
		<year>1979</year>
		<publisher>Microphys</publisher>
		<rom name="trigonometry ii (1979)(microphys).wav" size="8181926" crc="3ab0afb9" sha1="affb87f923f2967b91f537d0cbae7d44002d2642" />
	</machine>
	<machine name="mptyp">
		<description>Types of Variation</description>
		<year>1979</year>
		<publisher>Microphys</publisher>
		<rom name="types of variation (1979)(microphys).wav" size="9272584" crc="9e136f0c" sha1="7e427ea30a1892a48c4327d53780a60f74901e4e" />
	</machine>
	<machine name="nacr">
		<description>North Atlantic Convoy Raider</description>
		<year>1980</year>
		<publisher>Microcomputer Games</publisher>
		<rom name="north atlantic convoy raider (1980)(avalon hill).wav" size="12074650" crc="fe5dc36a" sha1="8fb15474102d5cc3ce133f3688adb8ffa15704a7" />
	</machine>
	<machine name="oserev">
		<description>Osero / Reverse</description>
		<year>1978</year>
		<publisher>Commodore Business Machines, Inc.</publisher>
		<rom name="osero, reverse (1978)(commodore business machines).wav" size="15091952" crc="e9fedf09" sha1="2b272e1c222d1d0fdc435f0bd21ef331715a5e3f" />
	</machine>
	<machine name="owww1">
		<description>Just Rolling Along / Smile for a Picture</description>
		<year>1980</year>
		<publisher>Our Weird and Wacky World</publisher>
		<rom name="1-1 just rolling along (1980)(our weird and wacky world).wav" size="10705738" crc="75219099" sha1="ff4f0af779b54b6a05ff95a533b3e819edbabee6" />
		<rom name="1-2 smile for a picture (1980)(our weird and wacky world).wav" size="11895282" crc="7149a806" sha1="3723983ce1e94e32a3816f0b9e1f67f0d4ad3091" />
	</machine>
	<machine name="owww2">
		<description>A Mile Wide Pie / Take Me Out To The Ball Game For Some Salad !</description>
		<year>1980</year>
		<publisher>Our Weird and Wacky World</publisher>
		<rom name="2-1 a mile wide pie (1980)(our weird and wacky world).wav" size="11358248" crc="9230fdd0" sha1="854c92d3351ce620b1298606e6a1c4e62ab5ddf9" />
		<rom name="2-2 take me out to the ball game for some salad  (1980)(our weird and wacky world).wav" size="11977626" crc="f3bd4a97" sha1="02436bc9dd373e9fd7fa278467215e3b37ac99b0" />
	</machine>
	<machine name="owww3">
		<description>Beware of Attack Rabbit! / A Pet That's Hard to Pat</description>
		<year>1980</year>
		<publisher>Our Weird and Wacky World</publisher>
		<rom name="3-1 beware of attack rabbit (1980)(our weird and wacky world).wav" size="11871006" crc="7005e1ff" sha1="5246327dd9e8dfcf911eabf773e9ab79648e7f1f" />
		<rom name="3-2 a pet that's hard to pat (1980)(our weird and wacky world).wav" size="12052388" crc="48ff8b12" sha1="9eb80e2e9957ff7fe459ff4d0c643e7d6539eabf" />
	</machine>
	<machine name="owww4">
		<description>A Sneaky Snake / The Moscow Circus</description>
		<year>1980</year>
		<publisher>Our Weird and Wacky World</publisher>
		<rom name="4-1 a sneaky snake (1980)(our weird and wacky world).wav" size="11740388" crc="738ddc18" sha1="92135888f95dd0b40e2f2f74e53b9d3501aed566" />
		<rom name="4-2 the moscow circus (1980)(our weird and wacky world).wav" size="10573446" crc="98f70cec" sha1="019ac1fe4387b9d3fb3cd0cc52a6078a81576565" />
	</machine>
	<machine name="owww5">
		<description>Very Lost in Space / Who Says '7' is a Lucky Number</description>
		<year>1980</year>
		<publisher>Our Weird and Wacky World</publisher>
		<rom name="5-1 very lost in space (1980)(our weird and wacky world).wav" size="12213128" crc="6f34e1f4" sha1="2e98e372245b0c905706acdbb0c68fd32ea21b2e" />
		<rom name="5-2 who says '7' is a lucky number (1980)(our weird and wacky world).wav" size="11264656" crc="d1757fb1" sha1="2693558e4243b49d5a4d8035d543a00ba972bc27" />
	</machine>
	<machine name="owww6">
		<description>Sherlock Bones, Dog Detective / Crazy, Crumbling Creations</description>
		<year>1980</year>
		<publisher>Our Weird and Wacky World</publisher>
		<rom name="6-1 sherlock bones, dog detective (1980)(our weird and wacky world).wav" size="11492412" crc="d72cfdfd" sha1="f72f7e0308472c9005f6124c48058ad5be5814db" />
		<rom name="6-2 crazy, crumbling creations (1980)(our weird and wacky world).wav" size="11462590" crc="98040b0d" sha1="b602914d4b61e66c03d7c36aa8a66ca5e67c67b7" />
	</machine>
	<machine name="owww7">
		<description>A Cup of Coffee for $141,000 / Bite Right</description>
		<year>1980</year>
		<publisher>Our Weird and Wacky World</publisher>
		<rom name="7-1 a cup of coffee for 141,000 (1980)(our weird and wacky world).wav" size="11153230" crc="8f95d56c" sha1="6666ae2b8b9100c742a42330deb77990ed77e673" />
		<rom name="7-2 bite right (1980)(our weird and wacky world).wav" size="11352614" crc="e3553a6b" sha1="9c316f0373b0d552c8c92a60b900355b6b58e64d" />
	</machine>
	<machine name="petches">
		<description>PET Chess 8000</description>
		<year>1981</year>
		<publisher>Philidor Software</publisher>
		<rom name="petchess (1981)(philidor software).wav" size="50070702" crc="6d9fc6a0" sha1="f71b165918b9c62add08aae62cfe822cb121f32e" />
	</machine>
	<machine name="planet">
		<description>The Planet Miners</description>
		<year>1979</year>
		<publisher>Microcomputer Games</publisher>
		<rom name="planet miners (1979)(avalon hill).wav" size="22746580" crc="0f09b3ac" sha1="6914d25f928fa3f6a1f185744ada904eadea06ac" />
	</machine>
	<machine name="ppda1">
		<description>The Pet Professor Whole Numbers Fractions Decimals D-A-1</description>
		<year>1979</year>
		<publisher>Cow Bay Computing</publisher>
		<rom name="pet professor - whole numbers fractions decimals d-a-1 (1979)(cow bay computing).wav" size="10359896" crc="9271f796" sha1="389c661a6f6b827801865950dcc93e6905db125e" />
	</machine>
	<machine name="ppda2">
		<description>The Pet Professor Whole Numbers Fractions Decimals D-A-2</description>
		<year>1979</year>
		<publisher>Cow Bay Computing</publisher>
		<rom name="pet professor - whole numbers fractions decimals d-a-2 (1979)(cow bay computing).wav" size="9562660" crc="c441bbeb" sha1="8f1b229b77e41152e36aefd31a1493ad390ce476" />
	</machine>
	<machine name="ppda3">
		<description>The Pet Professor Whole Numbers Fractions Decimals D-A-3</description>
		<year>1979</year>
		<publisher>Cow Bay Computing</publisher>
		<rom name="pet professor - whole numbers fractions decimals d-a-3 (1979)(cow bay computing).wav" size="9630124" crc="d1c336ff" sha1="69625a1420f16cc9d9a455374c4750972d07b29e" />
	</machine>
	<machine name="ppda4">
		<description>The Pet Professor Whole Numbers Fractions Decimals D-A-4</description>
		<year>1979</year>
		<publisher>Cow Bay Computing</publisher>
		<rom name="pet professor - whole numbers fractions decimals d-a-4 (1979)(cow bay computing).wav" size="11228732" crc="f9feb984" sha1="18efacfe0d7b69072e18731c95af2f4cdbd5c4e4" />
	</machine>
	<machine name="ppdd1">
		<description>The Pet Professor Whole Numbers Fractions Decimals D-D-1</description>
		<year>1979</year>
		<publisher>Cow Bay Computing</publisher>
		<rom name="pet professor - whole numbers fractions decimals d-d-1 (1979)(cow bay computing).wav" size="10799888" crc="728b1e79" sha1="3614c014c7e9700e9b91cb07c1021e1fc62ed796" />
	</machine>
	<machine name="ppdd2">
		<description>The Pet Professor Whole Numbers Fractions Decimals D-D-2</description>
		<year>1979</year>
		<publisher>Cow Bay Computing</publisher>
		<rom name="pet professor - whole numbers fractions decimals d-d-2 (1979)(cow bay computing).wav" size="12181706" crc="266dcc46" sha1="10ce0f8995b7779721e9baeb9f0097f37f3f101a" />
	</machine>
	<machine name="ppdm1">
		<description>The Pet Professor Whole Numbers Fractions Decimals D-M-1</description>
		<year>1979</year>
		<publisher>Cow Bay Computing</publisher>
		<rom name="pet professor - whole numbers fractions decimals d-m-1 (1979)(cow bay computing).wav" size="9411830" crc="a63a1dc2" sha1="90df55a142b8baff081c74830828f0f473f06a09" />
	</machine>
	<machine name="ppdm2">
		<description>The Pet Professor Whole Numbers Fractions Decimals D-M-2</description>
		<year>1979</year>
		<publisher>Cow Bay Computing</publisher>
		<rom name="pet professor - whole numbers fractions decimals d-m-2 (1979)(cow bay computing).wav" size="9694542" crc="5639c8be" sha1="34893ff033a5bf936cf98cdb74ea8b5b05a55f1e" />
	</machine>
	<machine name="ppdm3">
		<description>The Pet Professor Whole Numbers Fractions Decimals D-M-3</description>
		<year>1979</year>
		<publisher>Cow Bay Computing</publisher>
		<rom name="pet professor - whole numbers fractions decimals d-m-3 (1979)(cow bay computing).wav" size="11436858" crc="0031e057" sha1="c1cc0af5161b33815b927030f834015875eb8932" />
	</machine>
	<machine name="ppdm4">
		<description>The Pet Professor Whole Numbers Fractions Decimals D-M-4</description>
		<year>1979</year>
		<publisher>Cow Bay Computing</publisher>
		<rom name="pet professor - whole numbers fractions decimals d-m-4 (1979)(cow bay computing).wav" size="11319234" crc="3badc5e4" sha1="bf147fea84ff76f42306c33c43be216b5871dbd8" />
	</machine>
	<machine name="ppdm5">
		<description>The Pet Professor Whole Numbers Fractions Decimals D-M-5</description>
		<year>1979</year>
		<publisher>Cow Bay Computing</publisher>
		<rom name="pet professor - whole numbers fractions decimals d-m-5 (1979)(cow bay computing).wav" size="11696222" crc="c0750704" sha1="41b2cf2df4ce493a72a0294e907d4682edb5a66c" />
	</machine>
	<machine name="ppds1">
		<description>The Pet Professor Whole Numbers Fractions Decimals D-S-1</description>
		<year>1979</year>
		<publisher>Cow Bay Computing</publisher>
		<rom name="pet professor - whole numbers fractions decimals d-s-1 (1979)(cow bay computing).wav" size="7747416" crc="41727566" sha1="56498c2c14585a92b083df5b0b8055a2c5c67d78" />
	</machine>
	<machine name="ppds2">
		<description>The Pet Professor Whole Numbers Fractions Decimals D-S-2</description>
		<year>1979</year>
		<publisher>Cow Bay Computing</publisher>
		<rom name="pet professor - whole numbers fractions decimals d-s-2 (1979)(cow bay computing).wav" size="9045996" crc="68a6967f" sha1="db14c083f6d34d1d73ed491d4c32e8cb69e08133" />
	</machine>
	<machine name="ppds3">
		<description>The Pet Professor Whole Numbers Fractions Decimals D-S-3</description>
		<year>1979</year>
		<publisher>Cow Bay Computing</publisher>
		<rom name="pet professor - whole numbers fractions decimals d-s-3 (1979)(cow bay computing).wav" size="9680506" crc="83b7ccb1" sha1="50945fac8f4c36c2eddc95ef54ec8bf443c0bc5d" />
	</machine>
	<machine name="ppds4">
		<description>The Pet Professor Whole Numbers Fractions Decimals D-S-4</description>
		<year>1979</year>
		<publisher>Cow Bay Computing</publisher>
		<rom name="pet professor - whole numbers fractions decimals d-s-4 (1979)(cow bay computing).wav" size="9542338" crc="b5a70f35" sha1="f9adfcf9b4fe9cc17bf17dba3fa0b8c2ed835f88" />
	</machine>
	<machine name="ppwns5">
		<description>The Pet Professor Whole Numbers Fractions Decimals WN-S-5</description>
		<year>1979</year>
		<publisher>Cow Bay Computing</publisher>
		<rom name="pet professor - whole numbers fractions decimals wn-s-5 (1981)(cow bay computing).wav" size="10884784" crc="b4006536" sha1="f076f5f1ac073b7d252f4365dc1adac7d456832b" />
	</machine>
	<machine name="prosp">
		<description>Prospector</description>
		<year>1979</year>
		<publisher>Cascade Computerware</publisher>
		<rom name="prospector (1979)(cascade computerware).wav" size="12014784" crc="63547f4d" sha1="55bd7712c2614d2a9cf0f93b62ac3315244d5e9a" />
	</machine>
	<machine name="santap">
		<description>Santa Paravia and Fiumaccio</description>
		<year>1978</year>
		<publisher>Folklife Terminal Club</publisher>
		<rom name="santa paravia and fiumaccio (1978)(folklife terminal club).wav" size="22263674" crc="4081b629" sha1="a46eac2ef42904d2b9778c697b36e23dbdcecf31" />
	</machine>
	<machine name="seawolf">
		<description>Seawolf</description>
		<year>1978</year>
		<publisher>Creative Software</publisher>
		<rom name="seawolf (1978)(creative software).wav" size="9137146" crc="dd02f1d6" sha1="c0ede58b4daf80071497fb10f90237d92f73a2dd" />
	</machine>
	<machine name="spacea">
		<description>Space Ace</description>
		<year>1982</year>
		<publisher>PerSoft</publisher>
		<rom name="space ace (1982)(petsoft).wav" size="25415382" crc="ccfafd10" sha1="7821370eb794c452d362257bab9a896d098c07b4" />
	</machine>
	<machine name="spacef">
		<description>Space Fight</description>
		<year>1978</year>
		<publisher>Commodore Business Machines, Inc.</publisher>
		<rom name="space fight (1978)(commodore business machines).wav" size="6234532" crc="38618c0a" sha1="f100e751f41899ed6e157ed7a0d1d7d569676c7f" />
	</machine>
	<machine name="spacei">
		<description>Space Invaders</description>
		<year>19??</year>
		<publisher>Unknown</publisher>
		<rom name="space invaders.wav" size="12670134" crc="e8cb4314" sha1="d21d40d4512811a59256add8fabbbb25443968e5" />
	</machine>
	<machine name="sqbtmon">
		<description>Squiggle, Big Time / Monitor</description>
		<year>1978</year>
		<publisher>Commodore Business Machines, Inc.</publisher>
		<rom name="monitor (1978)(commodore business machines).wav" size="2751312" crc="47a31ba5" sha1="3801e52d49ee224246c6f7cbc0d9d79df181746a" />
		<rom name="squiggle, big time (1978)(commodore business machines).wav" size="8627574" crc="6c15e344" sha1="2aaebd15ab532f7423f0624a1dd3ca816fe55a34" />
	</machine>
	<machine name="supermon">
		<description>Supermon</description>
		<year>1979</year>
		<publisher>Toronto PET User Group</publisher>
		<rom name="supermon1 rel (1979)(tpug)).wav" size="6244772" crc="84cd7682" sha1="edca3f9e751439002aa5e555d3885999db7dd809" />
	</machine>
	<machine name="swback">
		<description>Soundware Backgammon</description>
		<year>1978</year>
		<publisher>Cap Electronics</publisher>
		<rom name="soundware backgammon (1978)(cap electronics).wav" size="9936838" crc="215d487d" sha1="0c41408eac777844530886337e84eddb7286ba54" />
	</machine>
	<machine name="swchec">
		<description>Soundware Checkers</description>
		<year>1978</year>
		<publisher>Cap Electronics</publisher>
		<rom name="soundware checkers (1978)(cap electronics).wav" size="11297260" crc="493a09a5" sha1="f95ec9c735a35c08a9e592d24eb70dcd98b23ebd" />
	</machine>
	<machine name="swminu">
		<description>Soundware Minute Waltz</description>
		<year>1979?</year>
		<publisher>Cap Electronics</publisher>
		<rom name="soundware minute waltz (1979)(cap electronics).wav" size="8091962" crc="7961de96" sha1="c80d220c98bfcbd0a54578853d6742a02e686ffd" />
	</machine>
	<machine name="tankt">
		<description>Tanktics</description>
		<year>1981</year>
		<publisher>Microcomputer Games</publisher>
		<rom name="tanktics (1981)(avalon hill).wav" size="22165844" crc="3a332c04" sha1="95bb207109f08e2cf95e12aa50b9d5840fc54656" />
	</machine>
	<machine name="targoff">
		<description>Target Pong/Off-The-Wall</description>
		<year>1978</year>
		<publisher>Commodore Business Machines, Inc.</publisher>
		<rom name="target pong, off-the-wall (1978)(commodore business machines).wav" size="14488110" crc="177ae42e" sha1="b348b4b48d87f49626cbdb246bc239eb0afb2304" />
	</machine>
	<machine name="telng">
		<description>Telengard</description>
		<year>1982</year>
		<publisher>Microcomputer Games</publisher>
		<rom name="telengard (1982)(avalon hill).wav" size="49824646" crc="b6a459cb" sha1="1db22543cab974b7efa36134ee608d31511e06a1" />
	</machine>
	<machine name="timec">
		<description>Time Chess</description>
		<year>198?</year>
		<publisher>Unknown</publisher>
		<rom name="time chess (mike singleton).wav" size="14278250" crc="001ed26d" sha1="8be49dac03b1043e641bd6ec9d9aacda35cab7da" />
	</machine>
	<machine name="timet">
		<description>Time Trek</description>
		<year>1979</year>
		<publisher>Programma International</publisher>
		<rom name="time trek (1979)(programma international).wav" size="11411630" crc="88d4124f" sha1="79e352fa7f0c675962e013ebce90d05425249929" />
	</machine>
	<machine name="ttgames">
		<description>A Treasure Trove of Games</description>
		<year>1978</year>
		<publisher>Commodore Business Machines, Inc.</publisher>
		<rom name="lunar lander, rotate, wumpus, tic tac toe (1978)(commodore business machines).wav" size="31208000" crc="fd363be2" sha1="93178dc977c6fee82a68cea20b6e8712f77cd682" />
	</machine>
	<machine name="vmm">
		<description>Visible Music Monitor</description>
		<year>1980</year>
		<publisher>A B Computers</publisher>
		<rom name="vmm (1980)(a b computers).wav" size="12666020" crc="e40a3528" sha1="ff855214d3a6714325f1b4bc94f25978b7758e5e" />
	</machine>
	<machine name="wordproc">
		<description>Word Processor</description>
		<year>1979</year>
		<publisher>Programma International</publisher>
		<rom name="word processor (1979)(programma international).wav" size="6877542" crc="88535acd" sha1="f43d299d808855ccd8f8361335554b48038bf270" />
	</machine>
</datafile>