<?xml version="1.0" encoding="utf-8"?>
<!DOCTYPE datafile PUBLIC "-//Logiqx//DTD ROM Management Datafile//EN" "http://www.logiqx.com/Dats/datafile.dtd">
<datafile>
	<header>
		<name>snread</name>
		<description>Speak &amp; Read modules</description>
		<version></version>
		<author></author>
	</header>
	<machine name="3circle">
		<description>The Third Circle</description>
		<year>1981</year>
		<publisher>Texas Instruments</publisher>
		<rom name="cd3539.vsm" size="16384" crc="496ce890" sha1="d005447a74afc612809cc5de72d7cb6f711693ce" />
	</machine>
	<machine name="dogonlog">
		<description>A Dog on a Log</description>
		<year>1980</year>
		<publisher>Texas Instruments</publisher>
		<rom name="cd3534a.vsm" size="16384" crc="78410e74" sha1="29bf24f7d3a49c097542befc51874bd238989a7a" />
	</machine>
	<machine name="ghouse">
		<description>A Ghost in the House</description>
		<year>1981</year>
		<publisher>Texas Instruments</publisher>
		<rom name="cd3536.vsm" size="16384" crc="9a26e0c8" sha1="a7c5bba2174ad3f53ee4f492d47205fe3d8f267d" />
	</machine>
	<machine name="mknight">
		<description>The Millionth Knight</description>
		<year>1981</year>
		<publisher>Texas Instruments</publisher>
		<rom name="cd3540.vsm" size="16384" crc="80c4da54" sha1="5663c8548484499a55052bc712440e794c8ba543" />
	</machine>
	<machine name="ontrack">
		<description>On the Track</description>
		<year>1981</year>
		<publisher>Texas Instruments</publisher>
		<rom name="cd3538.vsm" size="16384" crc="873eeca6" sha1="6673ef02635d8c418cc647840d110488c9fc76fd" />
	</machine>
	<machine name="sealfly">
		<description>The Seal That Could Fly</description>
		<year>1981</year>
		<publisher>Texas Instruments</publisher>
		<rom name="cd3535.vsm" size="16384" crc="0694525d" sha1="d7ce974ad70e05be50f8cba5aab0a0adbfb54f8b" />
	</machine>
	<machine name="seasight">
		<description>Sea Sights</description>
		<year>1980</year>
		<publisher>Texas Instruments</publisher>
		<rom name="cd2396a.vsm" size="16384" crc="b005d92a" sha1="f1f9d83e18e77d89590e794cb157c8fe18e5aa05" />
	</machine>
	<machine name="whoszoo">
		<description>Who's Who at the Zoo</description>
		<year>1980</year>
		<publisher>Texas Instruments</publisher>
		<rom name="cd2397.vsm" size="16384" crc="e0f1e76d" sha1="1cb73cf1e754536e7c09ac23ee45db60c70acd58" />
	</machine>
</datafile>