<?xml version="1.0" encoding="utf-8"?>
<!DOCTYPE datafile PUBLIC "-//Logiqx//DTD ROM Management Datafile//EN" "http://www.logiqx.com/Dats/datafile.dtd">
<datafile>
	<header>
		<name>softbox</name>
		<description>SSE SoftBox diskettes</description>
		<version></version>
		<author></author>
	</header>
	<machine name="cpm22">
		<description>SoftBox CP/M 2.2 Distribution Disk</description>
		<year>1981</year>
		<publisher>Small Systems Engineering</publisher>
		<rom name="softbox-distrib.d80" size="533248" crc="48b070d5" sha1="acab30ea2859433bb75312936d6380dad3c61a00" />
	</machine>
</datafile>