<?xml version="1.0" encoding="utf-8"?>
<!DOCTYPE datafile PUBLIC "-//Logiqx//DTD ROM Management Datafile//EN" "http://www.logiqx.com/Dats/datafile.dtd">
<datafile>
	<header>
		<name>spectrum_wafadrive</name>
		<description>Sinclair ZX Wafadrive tapes/cartridges</description>
		<version></version>
		<author></author>
	</header>
	<machine name="spctrlwr">
		<description>Spectral Writer</description>
		<year>1984</year>
		<publisher>Softek International Ltd</publisher>
		<rom name="spectral writer.wdr" size="77450" crc="3faa506e" sha1="4da9ecaa055ce307ad830cdff4b293d6dca9ecca" />
	</machine>
</datafile>