<?xml version="1.0" encoding="utf-8"?>
<!DOCTYPE datafile PUBLIC "-//Logiqx//DTD ROM Management Datafile//EN" "http://www.logiqx.com/Dats/datafile.dtd">
<datafile>
	<header>
		<name>spectrum_betadisc_flop</name>
		<description>Sinclair ZX Spectrum Beta Disc / TR-DOS disk images</description>
		<version></version>
		<author></author>
	</header>
	<machine name="bobcarot">
		<description>Bobby Carrot</description>
		<year>2018</year>
		<publisher>Aleksey Golubtsov</publisher>
		<rom name="bc128.trd" size="655360" crc="56d6117c" sha1="187af2278b2c011ec4cc5b0ddc8d2c4b8471cd44" />
	</machine>
	<machine name="dwpentag">
		<description>DreamWalker: Alter Ego 2 (Pentagon)</description>
		<year>2014</year>
		<publisher>RetroSouls</publisher>
		<rom name="dwpentagon.trd" size="655360" crc="2598e5bd" sha1="87e2bfd71749ae127adaf1248896c84b21c5b8aa" />
	</machine>
	<machine name="gravibot">
		<description>Gravibots</description>
		<year>2014</year>
		<publisher>RetroSouls</publisher>
		<rom name="gravibots.trd" size="655360" crc="9d6d8e1b" sha1="edd0eb9a663783b5efc16e6512ad14efc418031f" />
	</machine>
	<machine name="lcdizzy">
		<description>Log Cabin Dizzy (v1.04, English)</description>
		<year>2018</year>
		<publisher>Verm-V</publisher>
		<rom name="log cabin dizzy v1.04 eng.trd" size="655360" crc="5da2c1e8" sha1="20d6de7d678882d4ba746fa5fca5bab86d9692a0" />
	</machine>
	<machine name="lcdizzya">
		<description>Log Cabin Dizzy (v1.04, Russian)</description>
		<year>2018</year>
		<publisher>Verm-V</publisher>
		<rom name="log cabin dizzy v1.04 rus.trd" size="655360" crc="ee927a33" sha1="a9dbb02328846b3d83d982c0ef7292655d0061c8" />
	</machine>
	<machine name="lirus">
		<description>Lirus</description>
		<year>2016</year>
		<publisher>RetroSouls</publisher>
		<rom name="lirus.trd" size="655360" crc="43ecd3ff" sha1="dfd55f10333d3f5554985672d0c94e5c8f8759f5" />
	</machine>
	<machine name="mightyff">
		<description>Mighty Final Fight (v1.2)</description>
		<year>2018</year>
		<publisher>SaNchez</publisher>
		<rom name="mff_v1.2.trd" size="655360" crc="d44fdace" sha1="97b5d14999e8a9372083e5f769e685c437f4caaf" />
	</machine>
	<machine name="mightyffa">
		<description>Mighty Final Fight (v1.1)</description>
		<year>2018</year>
		<publisher>SaNchez</publisher>
		<rom name="mff_v1.1.trd" size="655360" crc="71164ace" sha1="3bcd687d24551979567d6d4cd51e94490f4f86d0" />
	</machine>
	<machine name="mightyffb">
		<description>Mighty Final Fight (v1.0)</description>
		<year>2018</year>
		<publisher>SaNchez</publisher>
		<rom name="mff_v1.0.trd" size="655360" crc="6b8a67db" sha1="423a7777fd8f97584dccd55114d0e2284c2a84e8" />
	</machine>
	<machine name="mightyffh">
		<description>Mighty Final Fight (v1.2, Wally music hack)</description>
		<year>2018</year>
		<publisher>hack</publisher>
		<rom name="mffwally.trd" size="655360" crc="d8515942" sha1="2080ea5f529a0badc0208275fef0fd09aa0b9546" />
	</machine>
	<machine name="multidud">
		<description>MultiDude (Pengaton)</description>
		<year>2014</year>
		<publisher>RetroSouls</publisher>
		<rom name="multidude(pengaton).trd" size="655360" crc="e0b01c8d" sha1="6acf93a0bb8b579767aa645e998fd6874d00e4d7" />
	</machine>
	<machine name="redshftt">
		<description>Redshift</description>
		<year>19??</year>
		<publisher>&lt;unknown&gt;</publisher>
		<rom name="redshift.trd" size="655360" crc="3ce73e13" sha1="03d302feadd39e9123a807827c0000b77ba17245" />
	</machine>
	<machine name="sectorin">
		<description>Sector: Invasion</description>
		<year>2014</year>
		<publisher>RetroSouls</publisher>
		<rom name="sectorinvasion.trd" size="655360" crc="b95db2c6" sha1="796603b97c22aefaf5c00a20210798165574774b" />
	</machine>
	<machine name="twinligh">
		<description>Twinlight</description>
		<year>2017</year>
		<publisher>RetroSouls</publisher>
		<rom name="twinlight.trd" size="655360" crc="db941a5c" sha1="51300fc042515d68a5e0b68df997bbdca612e2db" />
	</machine>
</datafile>