<?xml version="1.0" encoding="utf-8"?>
<!DOCTYPE datafile PUBLIC "-//Logiqx//DTD ROM Management Datafile//EN" "http://www.logiqx.com/Dats/datafile.dtd">
<datafile>
	<header>
		<name>special_flop</name>
		<description>Specialist MX disk images</description>
		<version></version>
		<author></author>
	</header>
	<machine name="bstcpm0">
		<description>BST_CPM0</description>
		<year>19??</year>
		<publisher>&lt;unknown&gt;</publisher>
		<rom name="bst_cpm0.odi" size="819200" crc="0bc1a7e8" sha1="d6af8ef893a7e099d7d468a1a53bb107dbe5ce0d" />
	</machine>
	<machine name="bstmx0">
		<description>bst_mx0</description>
		<year>19??</year>
		<publisher>&lt;unknown&gt;</publisher>
		<rom name="bst_mx0.odi" size="819200" crc="15bffc00" sha1="320871829e8cbe8f9230edad191f2047b9c9ddfc" />
	</machine>
</datafile>