<?xml version="1.0" encoding="utf-8"?>
<!DOCTYPE datafile PUBLIC "-//Logiqx//DTD ROM Management Datafile//EN" "http://www.logiqx.com/Dats/datafile.dtd">
<datafile>
	<header>
		<name>ssem_quik</name>
		<description>SSEM quickload</description>
		<version></version>
		<author></author>
	</header>
	<machine name="diffeqt">
		<description>DIFFEQT</description>
		<year>19??</year>
		<publisher>&lt;unknown&gt;</publisher>
		<rom name="diffeqt.asm" size="401" crc="f579c2de" sha1="f7c1dc1b680eb13dc3e4e6d0d9ebf8f760f80a70" />
	</machine>
	<machine name="flash">
		<description>FLASH</description>
		<year>19??</year>
		<publisher>&lt;unknown&gt;</publisher>
		<rom name="flash.asm" size="411" crc="fb1c34ac" sha1="471fd3a2cfb834dee4199030aa630e4439780366" />
	</machine>
	<machine name="hcf">
		<description>HCF</description>
		<year>19??</year>
		<publisher>&lt;unknown&gt;</publisher>
		<rom name="hcf.asm" size="285" crc="33fbdf7b" sha1="9b3f102c8c6678729a8ba8302df386029d535bfd" />
	</machine>
	<machine name="hfr989">
		<description>HFR989</description>
		<year>19??</year>
		<publisher>&lt;unknown&gt;</publisher>
		<rom name="hfr989.asm" size="322" crc="c65a7d51" sha1="0f56a7ccd8742fb6bdf4cefc474f304cc14fe226" />
	</machine>
	<machine name="intdiv">
		<description>INTDIV</description>
		<year>19??</year>
		<publisher>&lt;unknown&gt;</publisher>
		<rom name="intdiv.snp" size="1250" crc="20ff215a" sha1="798e5af3e6a39bee984340e20c3a6dd851509647" />
	</machine>
	<machine name="longdiv2">
		<description>LONGDIV2</description>
		<year>19??</year>
		<publisher>&lt;unknown&gt;</publisher>
		<rom name="longdiv2.snp" size="1253" crc="3ebd4f40" sha1="d8f35d02640f4fa3abe6a4fdff27567c01bf141d" />
	</machine>
	<machine name="medclock">
		<description>MEDCLOCK</description>
		<year>19??</year>
		<publisher>&lt;unknown&gt;</publisher>
		<rom name="medclock.snp" size="1211" crc="da11b93c" sha1="9e15426b74d756c9d660a2a277b71fd91dce461b" />
	</machine>
	<machine name="nightmare">
		<description>NIGHTMARE</description>
		<year>19??</year>
		<publisher>&lt;unknown&gt;</publisher>
		<rom name="nightmare.snp" size="1250" crc="facceafd" sha1="fbaa33b3e3ca892c95065ce5313947f46b48c1da" />
	</machine>
	<machine name="noodletimer">
		<description>Noodle Timer</description>
		<year>19??</year>
		<publisher>&lt;unknown&gt;</publisher>
		<rom name="noodletimer.snp" size="1211" crc="62c0d92f" sha1="1de8b163745f64c26e3143eb78b71a4243e8a16b" />
	</machine>
	<machine name="primegen">
		<description>PRIMEGEN</description>
		<year>19??</year>
		<publisher>&lt;unknown&gt;</publisher>
		<rom name="primegen.asm" size="379" crc="df4c75e6" sha1="60a0f7cbbe5d5f7a3cfcec9f5ce62518a6d0fd27" />
	</machine>
	<machine name="slide9">
		<description>Slide Show</description>
		<year>19??</year>
		<publisher>&lt;unknown&gt;</publisher>
		<rom name="slide9.snp" size="1215" crc="084e5659" sha1="7e170748e2b00e54515ebdbfd1efbb9d6c0c6332" />
	</machine>
	<machine name="virpet">
		<description>Virtual Pet</description>
		<year>19??</year>
		<publisher>&lt;unknown&gt;</publisher>
		<rom name="virpet.asm" size="442" crc="8547e875" sha1="b5de4c496073542675a63625860813eb98ac1590" />
	</machine>
</datafile>