<?xml version="1.0" encoding="utf-8"?>
<!DOCTYPE datafile PUBLIC "-//Logiqx//DTD ROM Management Datafile//EN" "http://www.logiqx.com/Dats/datafile.dtd">
<datafile>
	<header>
		<name>stepone_flop</name>
		<description>Ericsson PC step/one diskettes</description>
		<version></version>
		<author></author>
	</header>
	<machine name="combi">
		<description>Custom integrated office suite</description>
		<year>1983</year>
		<publisher>OMS - Office Management Systems AB</publisher>
		<rom name="CMBSTBM.IMD" size="526850" crc="9a93f2e4" sha1="2b4b6cbce1534a67ba4eca275ef018637261c3ed" />
		<rom name="CMBSTPE1.IMD" size="282664" crc="8a71d87f" sha1="b442573aed547fb7748c60d055405e2e92995fd8" />
		<rom name="CMBSTPE2.IMD" size="316889" crc="c839115b" sha1="d8054d3e7d3516a7cdee33b02c0ae79ae0279caf" />
		<rom name="CMBSTPO1.IMD" size="527874" crc="80eb83d0" sha1="b81bfa66ae477afd087b8d54c21fe98c778e032f" />
		<rom name="CMBSTPO2.IMD" size="683218" crc="5357135d" sha1="cce5e51be38180003b926704d79990021e918bd0" />
	</machine>
	<machine name="dos125">
		<description>MS-DOS v1.25</description>
		<year>1982</year>
		<publisher>Microsoft</publisher>
		<rom name="BASIC.IMD" size="167674" crc="6789a422" sha1="2db2140562f1e033719dd68befd27ef34e6ef539" />
	</machine>
	<machine name="multip14">
		<description>Microsoft Multiplan v1.04</description>
		<year>1982</year>
		<publisher>Microsoft</publisher>
		<rom name="MULTIPL.IMD" size="118615" crc="756368a3" sha1="9bbd27d5ac37ac2ef40f68a21a4a9cd93c1c5648" />
	</machine>
	<machine name="pasc311">
		<description>Microsoft Pascal v3.11</description>
		<year>1983</year>
		<publisher>Ericsson/Microsoft</publisher>
		<rom name="PASCAL1.IMD" size="705796" crc="c4fb00a0" sha1="8b3a6e40b7d198aef6ec04eeff8c634c137d9cc5" />
		<rom name="PASCAL2.IMD" size="596955" crc="1091c2f4" sha1="b54569167d1263632535244d1b4aff811c2f4c91" />
	</machine>
	<machine name="rjev10m">
		<description>RJE - IBM 3780 Remote Batch Terminal Emulator v1.0M</description>
		<year>1982</year>
		<publisher>InterCom Inc/Matsushita</publisher>
		<rom name="RJE3780.IMD" size="36358" crc="22365c54" sha1="3e4c30701eb36809b08eefbec5c808aa1d758795" />
	</machine>
	<machine name="spel">
		<description>Collections of small games</description>
		<year>1987</year>
		<publisher>Various authors</publisher>
		<rom name="SPEL1.IMD" size="666392" crc="62eae5c0" sha1="e33e9e901a649114312c75780fefbd9bb27a18c7" />
		<rom name="SPEL2.IMD" size="509004" crc="07abdac4" sha1="a665d8862f80234ca85a9dc14ae89ff202c70860" />
		<rom name="SPEL3.IMD" size="461481" crc="771eafc3" sha1="1bc8879355dee5877ea8bb1c16256fa28eb10547" />
	</machine>
	<machine name="wstar324">
		<description>Wordstar v3.24</description>
		<year>1982</year>
		<publisher>MicroPro International Corporation</publisher>
		<rom name="WORDSTAR.IMD" size="103798" crc="a9b57ef8" sha1="8253ec46818b0855d8bab860d6afd2ddfc0996a4" />
	</machine>
</datafile>