<?xml version="1.0" encoding="utf-8"?>
<!DOCTYPE datafile PUBLIC "-//Logiqx//DTD ROM Management Datafile//EN" "http://www.logiqx.com/Dats/datafile.dtd">
<datafile>
	<header>
		<name>arcadia</name>
		<description>Emerson Arcadia 2001 cartridges</description>
		<version></version>
		<author></author>
	</header>
	<machine name="3dbowl">
		<description>3D Bowling</description>
		<year>1982</year>
		<publisher>UA Ltd.</publisher>
		<rom name="3dbowl.bin" size="4096" crc="f3c08e19" sha1="edd33cabd3d600e9e3d3c22f326a065ea6ebe32c" />
	</machine>
	<machine name="3dsoccer">
		<description>3D Soccer</description>
		<year>1983</year>
		<publisher>UA Ltd.</publisher>
		<rom name="3dsoccera\3dsoccera.bin" size="8192" crc="1b5be22a" sha1="d3df9ed4e09bacacde47fa4f1128383fd62ffd6e" />
		<rom name="3dsoccer.bin" size="8192" crc="4da68df8" sha1="50e799c96be3613f937825c6c722521bc6df0162" />
	</machine>
	<machine name="alieninv">
		<description>Alien Invaders</description>
		<year>1983</year>
		<publisher>UA Ltd.</publisher>
		<rom name="alieninv.bin" size="4096" crc="1f65b21e" sha1="8d17de81fbf70db8fe32830763c6a940aa9124c3" />
	</machine>
	<machine name="astroinv">
		<description>Astro Invaders</description>
		<year>1980</year>
		<publisher>UA Ltd.</publisher>
		<rom name="astroinv.bin" size="4096" crc="ddcf5b2c" sha1="b6f693e3333607181fbe3a43dffa9f30f9656998" />
	</machine>
	<machine name="autorace">
		<description>Auto Race</description>
		<year>198?</year>
		<publisher>UA Ltd.</publisher>
		<rom name="autorace.bin" size="4096" crc="99ac48ca" sha1="6182219b2b8c8747f67d627a056ac947754f0978" />
	</machine>
	<machine name="baseball">
		<description>Baseball</description>
		<year>1983</year>
		<publisher>UA Ltd.</publisher>
		<rom name="baseball.bin" size="4096" crc="1cf08155" sha1="f4d39aaab61e6b01c673166ae54841d450860b31" />
	</machine>
	<machine name="blckjack">
		<description>Blackjack &amp; Poker</description>
		<year>198?</year>
		<publisher>UA Ltd.</publisher>
		<rom name="blckjack.bin" size="4096" crc="0930ce04" sha1="a8afadfcaea847c2e998005652ace36803d6601b" />
	</machine>
	<machine name="boxing">
		<description>Boxing</description>
		<year>198?</year>
		<publisher>UA Ltd.</publisher>
		<rom name="boxing.bin" size="4096" crc="9240891b" sha1="0fc3a8a33f2e89b2b32ea0a962effcf3ee430d34" />
	</machine>
	<machine name="brainqz">
		<description>Brain Quiz</description>
		<year>1982</year>
		<publisher>UA Ltd.</publisher>
		<rom name="brainqz.bin" size="4096" crc="ca58b3f8" sha1="e9560e064043946b6bc0a88087d4164adf62e773" />
	</machine>
	<machine name="breakawy">
		<description>Breakaway</description>
		<year>1982</year>
		<publisher>UA Ltd.</publisher>
		<rom name="breakawy.bin" size="4096" crc="33c348c1" sha1="396fe12bd34cc7cd555ad3b9b66f20e56e862385" />
	</machine>
	<machine name="bsktball">
		<description>Basketball</description>
		<year>198?</year>
		<publisher>UA Ltd.</publisher>
		<rom name="bsktball.bin" size="4096" crc="e93938f6" sha1="c6e3f963ea9db520bcd682a3206cc291504c9e3d" />
	</machine>
	<machine name="capture">
		<description>Capture</description>
		<year>1982</year>
		<publisher>UA Ltd.</publisher>
		<rom name="capture.bin" size="2048" crc="aeb803e4" sha1="107c864252647a4f3569ff501c8a9a3c7dd6067f" />
	</machine>
	<machine name="cattrax">
		<description>Cat Trax</description>
		<year>1982</year>
		<publisher>UA Ltd.</publisher>
		<rom name="cattrax.bin" size="4096" crc="fd2cf496" sha1="b0982ed95d92a4d97a5451acbee36af10ff99a3f" />
	</machine>
	<machine name="cclimber">
		<description>Crazy Climber</description>
		<year>1982</year>
		<publisher>UA Ltd.</publisher>
		<rom name="cclimber.bin" size="4096" crc="76e773fa" sha1="0c6ce7577a121e7810ec54c5dd180a55dd0ace17" />
	</machine>
	<machine name="circus">
		<description>Circus</description>
		<year>1983</year>
		<publisher>UA Ltd.</publisher>
		<rom name="circus.bin" size="4096" crc="086ebc8c" sha1="e8abeb702d9a7b7e12e1cea02946dae267b23041" />
	</machine>
	<machine name="combat">
		<description>Combat</description>
		<year>198?</year>
		<publisher>UA Ltd.</publisher>
		<rom name="combat.bin" size="4096" crc="a6bffa9e" sha1="87addcdd0fccb5f36066f21938458235d5a37bd0" />
	</machine>
	<machine name="crzygblr">
		<description>Crazy Gobbler</description>
		<year>1982</year>
		<publisher>UA Ltd.</publisher>
		<rom name="crzygblr.bin" size="2048" crc="e84df2ef" sha1="021e78bbc1f2c4ee2e7ca2fa560dd448bdd39798" />
	</machine>
	<machine name="doraemon">
		<description>Doraemon</description>
		<year>1983</year>
		<publisher>Bandai</publisher>
		<rom name="doraemon.bin" size="8192" crc="62c45881" sha1="a16fda96d00c8b08bb362f2573a45939aa6be051" />
	</machine>
	<machine name="drslump">
		<description>Dr. Slump: Arale</description>
		<year>1983</year>
		<publisher>Bandai</publisher>
		<rom name="drslump.bin" size="8192" crc="927c375a" sha1="389259f1505deef5c0fb83f9cf8b0f7fa4ed5d04" />
	</machine>
	<machine name="escape">
		<description>Escape</description>
		<year>1982</year>
		<publisher>UA Ltd.</publisher>
		<rom name="escape.bin" size="4096" crc="fc7eba76" sha1="87f81511ea5b7a9671fb945cb22bb578bedb47c9" />
	</machine>
	<machine name="football">
		<description>American Football</description>
		<year>1982</year>
		<publisher>UA Ltd.</publisher>
		<rom name="American Football.bin" size="8192" crc="b10a08b5" sha1="2feb388ce4a6163fe7856c0d34fa42a0720dd66c" />
	</machine>
	<machine name="funkyfsh">
		<description>Funky Fish</description>
		<year>1983</year>
		<publisher>UA Ltd.</publisher>
		<rom name="funkyfsh.bin" size="8192" crc="77c19320" sha1="e56be2ecd8284cd43a44620d56d6615766f45451" />
	</machine>
	<machine name="golf">
		<description>Golf</description>
		<year>198?</year>
		<publisher>UA Ltd.</publisher>
		<rom name="golf.bin" size="6144" crc="a23c7a01" sha1="7c9251e42fd03b9c26a13d0e25cdf9a838319a39" />
	</machine>
	<machine name="gpmonaco">
		<description>Grand Prix de Monaco</description>
		<year>1982</year>
		<publisher>UA Ltd.</publisher>
		<rom name="gpmonaco.bin" size="4096" crc="5e033f9c" sha1="7dcc1387892fa7275514c91ce584f83a5d3e14d6" />
	</machine>
	<machine name="gstennis">
		<description>Grand Slam Tennis</description>
		<year>1982</year>
		<publisher>UA Ltd.</publisher>
		<rom name="gstennis.bin" size="8192" crc="8bf2dfa9" sha1="03cedd5fd67ff11a4ac74d513f03a2266af89446" />
	</machine>
	<machine name="gundam">
		<description>Kidou Senshi Gundam</description>
		<year>1983</year>
		<publisher>Bandai</publisher>
		<rom name="gundam.bin" size="8192" crc="1241f128" sha1="4b07a88b06008ddfc3676983e826e107caf3ba0f" />
	</machine>
	<machine name="hobo">
		<description>Hobo</description>
		<year>1983</year>
		<publisher>UA Ltd.</publisher>
		<rom name="hobo.bin" size="8192" crc="1cec4b21" sha1="cebb340cb0a50b2815dafc6df8f46d814015a49f" />
	</machine>
	<machine name="horserac">
		<description>Horse Racing</description>
		<year>198?</year>
		<publisher>UA Ltd.</publisher>
		<rom name="horserac.bin" size="4096" crc="560daa7f" sha1="72dd8dea83bf9ab7d486931516e99b2209ca0a1d" />
	</machine>
	<machine name="jumpbug">
		<description>Jump Bug</description>
		<year>1982</year>
		<publisher>UA Ltd.</publisher>
		<rom name="jumpbuga\jumpbuga.bin" size="8192" crc="dc0264b8" sha1="bf3ccf7a54409f22ca4295b1df1c01bfbbe9f0a2" />
		<rom name="jumpbug.bin" size="8192" crc="97060a54" sha1="d0ace24fd1f3805e46b077e8a4770f922157c8c4" />
	</machine>
	<machine name="jungler">
		<description>Jungler</description>
		<year>1982</year>
		<publisher>UA Ltd.</publisher>
		<rom name="jungler.bin" size="8192" crc="dfb5dd55" sha1="8d6e32ab3cc872017c597e61c076330015411435" />
	</machine>
	<machine name="macross">
		<description>Choujikuu Yousai Macross</description>
		<year>1983</year>
		<publisher>Bandai</publisher>
		<rom name="macross.bin" size="8192" crc="4c885af2" sha1="3d24ab9e42ff44a223bb53c5491dea7f41691df2" />
	</machine>
	<machine name="misslwar">
		<description>Missile War</description>
		<year>1982</year>
		<publisher>UA Ltd.</publisher>
		<rom name="msslewar.bin" size="4096" crc="a615f068" sha1="cc3e46adc8a3ed2cbfd5f9bbbf96f61f4e2ecebe" />
	</machine>
	<machine name="nibblem">
		<description>Nibblemen</description>
		<year>1982</year>
		<publisher>UA Ltd.</publisher>
		<rom name="nibblema\nbblemena.bin" size="4096" crc="08d8b186" sha1="ca2efbcb1f1f580b7995aa47ab7da09fa4a1b9e2" />
		<rom name="nbblemen.bin" size="4096" crc="7832f7ad" sha1="a2f3d269e422e6ee89d58f001d39438704178e17" />
	</machine>
	<machine name="oceanbat">
		<description>Ocean Battle</description>
		<year>1982</year>
		<publisher>UA Ltd.</publisher>
		<rom name="oceanbat.bin" size="4096" crc="449e80cb" sha1="444146bf89c3a0e0e010f6a30e675be3f2b023a7" />
	</machine>
	<machine name="parashtr">
		<description>Parashooter</description>
		<year>1982</year>
		<publisher>UA Ltd.</publisher>
		<rom name="parashtr.bin" size="4096" crc="4f538848" sha1="2e7c8e4263eec7f033019ec763effebca40ca30b" />
	</machine>
	<machine name="pleiades">
		<description>Pleiades</description>
		<year>1983</year>
		<publisher>UA Ltd.</publisher>
		<rom name="pleiades.bin" size="8192" crc="4f19fd9b" sha1="bdb7ce3d4552c82be3cf8db43d5ad103f9d9cc91" />
	</machine>
	<machine name="r2dtank">
		<description>R2D Tank</description>
		<year>1981</year>
		<publisher>UA Ltd.</publisher>
		<rom name="r2dtank.bin" size="4096" crc="a0626e23" sha1="e1daef4cc1e8c51cf542d900ba7139f5f472f2c8" />
	</machine>
	<machine name="redclash">
		<description>Red Clash</description>
		<year>1982</year>
		<publisher>UA Ltd.</publisher>
		<rom name="redclash.bin" size="4096" crc="a06f284b" sha1="7a94f4f1768e4c62209cc03adc0fbadb954d2c24" />
	</machine>
	<machine name="robtkllr">
		<description>Robot Killer</description>
		<year>1982</year>
		<publisher>UA Ltd.</publisher>
		<rom name="robtkllr.bin" size="4096" crc="4671b7f7" sha1="acb45a8314fe531390d1c58be23ae860fa344c94" />
	</machine>
	<machine name="route16">
		<description>Route 16</description>
		<year>1983</year>
		<publisher>UA Ltd.</publisher>
		<rom name="route16.bin" size="8192" crc="8169864e" sha1="6f6d0c0e2ae06112643c63cb6892f8c7269c98a6" />
	</machine>
	<machine name="soccer">
		<description>Soccer</description>
		<year>1982</year>
		<publisher>UA Ltd.</publisher>
		<rom name="soccer.bin" size="4096" crc="b0b98a92" sha1="1a575203b78af7ac992f109add1721dda8872fc1" />
	</machine>
	<machine name="spaceatt">
		<description>Space Attack</description>
		<year>1982</year>
		<publisher>UA Ltd.</publisher>
		<rom name="spaceatta\spaceatta.bin" size="2048" crc="669632ec" sha1="0d96d79d22237312e217d8da8e2185e9245bdf47" />
		<rom name="spacewar\spacewar.bin" size="2048" crc="c91828cb" sha1="9e84d1884a002aafb84682eeb9e1cb2f29944d64" />
		<rom name="spaceatt.bin" size="4096" crc="e3794a2c" sha1="25a27466dc3ffb6013cd4f632947834002c80105" />
	</machine>
	<machine name="spcemssn">
		<description>Space Mission</description>
		<year>1982</year>
		<publisher>UA Ltd.</publisher>
		<rom name="spcemssn.bin" size="4096" crc="3ff224e5" sha1="a46fa9cbc12cb83218d3936ec3f4d0a4aff8cd60" />
	</machine>
	<machine name="spcerdrs">
		<description>Space Raiders</description>
		<year>1982</year>
		<publisher>UA Ltd.</publisher>
		<rom name="spcerdrs.bin" size="4096" crc="88defacf" sha1="c2c247b57c3d3a9321f7c16e48b1d733bd7d7dbb" />
	</machine>
	<machine name="spcesqdn">
		<description>Space Squadron</description>
		<year>1982</year>
		<publisher>UA Ltd.</publisher>
		<rom name="spcesqdn.bin" size="4096" crc="caa5f449" sha1="e76efb5f2707f67775d09d2d1547a4af0254b7b1" />
	</machine>
	<machine name="spcevult">
		<description>Space Vultures</description>
		<year>1982</year>
		<publisher>UA Ltd.</publisher>
		<rom name="spcevult.bin" size="6144" crc="7666a712" sha1="a1697ee165307792f07fdd7767122140958a4e9f" />
	</machine>
	<machine name="spiders">
		<description>Spiders</description>
		<year>1982</year>
		<publisher>UA Ltd.</publisher>
		<rom name="spiders.bin" size="4096" crc="bb88daea" sha1="e2fe75ec968a586a9c4885df02481b00abef2bc7" />
	</machine>
	<machine name="starchss">
		<description>Star Chess</description>
		<year>1982</year>
		<publisher>UA Ltd.</publisher>
		<rom name="starchss.bin" size="4096" crc="83e6e40b" sha1="348ca876b1113827d8e7ffb9b2422e863ba92b0f" />
	</machine>
	<machine name="superbug">
		<description>Super Bug</description>
		<year>198?</year>
		<publisher>UA Ltd.</publisher>
		<rom name="superbuga\superbuga.bin" size="4096" crc="15436f39" sha1="bf22e0fae67bc3c2147a669b194752e34fe3564d" />
		<rom name="superbug.bin" size="4096" crc="fef2aae9" sha1="1e7f7b81ecd2f766c94bd5ff17763374fb0318f1" />
	</machine>
	<machine name="theend">
		<description>The End</description>
		<year>1982</year>
		<publisher>UA Ltd.</publisher>
		<rom name="theend.bin" size="4096" crc="e66f362d" sha1="1148aa1525d7b46640babb50b004c79abec45d3a" />
	</machine>
	<machine name="tnksalot">
		<description>Tanks a Lot</description>
		<year>1982</year>
		<publisher>UA Ltd.</publisher>
		<rom name="tnksalot.bin" size="4096" crc="0076422e" sha1="c431d5190e86f3dfbb3e8b1a3b9bec82bb5014ae" />
	</machine>
	<machine name="turtles">
		<description>Turtles Turpin</description>
		<year>1982</year>
		<publisher>UA Ltd.</publisher>
		<rom name="turtles.bin" size="8192" crc="306e39c1" sha1="a806e3f248a962bb99e2515f489d45bb11fb0a0e" />
	</machine>
	<machine name="vidlex">
		<description>Video-Lexikon: German to English to German</description>
		<year>198?</year>
		<publisher>UA Ltd.</publisher>
		<rom name="vidlexeg\dicte2g.bin" size="12288" crc="6289f607" sha1="23d5d52e3403b3e9cd7864a16abac03508db8c97" />
		<rom name="vidlexge\dictg2e.bin" size="12288" crc="0739504d" sha1="de2c037c5ec9b31f2ae63a467dcd82647f92e908" />
		<rom name="vidlex [main cartridge unit].bin" size="4096" crc="e0a9dd9a" sha1="eadb3a791b100a208bbe8c445a96315cbeb7a097" />
		<rom name="vidlexe [english module].bin" size="4096" crc="320b0a9d" sha1="5058e17464ac50f86cd1c297c031b4d0ef063303" />
		<rom name="vidlexg [german module].bin" size="4096" crc="b2b9b5d8" sha1="9cad42823a13f1d56a664e6078e2b8f415eb97e8" />
	</machine>
	<machine name="vidpanz">
		<description>Video-Panzerspiel</description>
		<year>198?</year>
		<publisher>UA Ltd.</publisher>
		<rom name="vidpanz.bin" size="4096" crc="6818c8bd" sha1="21eadc7841e0a59671aacca93d28d81c580f16f2" />
	</machine>
</datafile>