<?xml version="1.0" encoding="utf-8"?>
<!DOCTYPE datafile PUBLIC "-//Logiqx//DTD ROM Management Datafile//EN" "http://www.logiqx.com/Dats/datafile.dtd">
<datafile>
	<header>
		<name>einstein</name>
		<description>Tatung Einstein TC-01 disk images</description>
		<version></version>
		<author></author>
	</header>
	<machine name="4game">
		<description>Konami Four Game Arcade</description>
		<year>19??</year>
		<publisher>Konami</publisher>
		<rom name="4game.dsk" size="225536" crc="19cc28fa" sha1="fed6c4972fc72ac51952f3b800c43f1b1240643b" />
	</machine>
	<machine name="6in1">
		<description>Fire!!! / Para-Shoot / Apocalypse / Headache / Gold Miner / Kentucky Derby</description>
		<year>19??</year>
		<publisher>Solo Software</publisher>
		<rom name="6in1.dsk" size="215296" crc="ab3cba74" sha1="42c12012e0053d8017cd2c9c07bd38e9b54f2e03" />
	</machine>
	<machine name="100mkara">
		<description>100 Metres Sprint &amp; Karate</description>
		<year>19??</year>
		<publisher>&lt;homebrew&gt;</publisher>
		<rom name="100 metres sprint &amp; karate (19xx)(castro, mario).dsk" size="215296" crc="e19fddea" sha1="92e7f6cf7465ca99d3fea300c14a98fffe825087" />
	</machine>
	<machine name="256games">
		<description>256 Games Pack for Einstein 256</description>
		<year>1986</year>
		<publisher>Merlin Software</publisher>
		<rom name="256 games pack (1986)(merlin software).dsk" size="432111" crc="2146b276" sha1="f1264ae29aed7ef14a99ce3a851adf0a4888e427" />
	</machine>
	<machine name="agrovatr">
		<description>Agrovator</description>
		<year>19??</year>
		<publisher>Syntaxsoft</publisher>
		<rom name="agrovator (19xx)(syntaxsoft).dsk" size="432111" crc="c63f389c" sha1="1c83b50e3bbd91ae8a2003734a6028b88aecd42a" />
	</machine>
	<machine name="alice">
		<description>Alice and the March Hare</description>
		<year>1986</year>
		<publisher>Orion Software</publisher>
		<rom name="alice and the march hare (1986)(orion software).dsk" size="215296" crc="064166a6" sha1="d7138afc0068fe192ac1718ae6566b016de26571" />
	</machine>
	<machine name="artuan">
		<description>Island of Artuan</description>
		<year>19??</year>
		<publisher>Kuma Software</publisher>
		<rom name="artuan.dsk" size="215296" crc="02a10c4b" sha1="e1db7bdfd057ed98416aea91641489a295e6b977" />
	</machine>
	<machine name="assembly">
		<description>Assembly Language Course</description>
		<year>1985</year>
		<publisher>Glentop</publisher>
		<rom name="assembly.dsk" size="215296" crc="ca014880" sha1="0c512676eb9bd2769459d5f3cf98fa173fe7ae40" />
	</machine>
	<machine name="basic">
		<description>Basic Tutorial</description>
		<year>1984</year>
		<publisher>Solo Software</publisher>
		<rom name="basic.dsk" size="215296" crc="f3433463" sha1="da34ca555b1173b7683c5288209696f1780386c2" />
	</machine>
	<machine name="bbcbasic">
		<description>BBC BASIC (v2.31)</description>
		<year>1984?</year>
		<publisher>&lt;homebrew&gt;</publisher>
		<rom name="bbc basic v2.31 (1984)(russell, r.t.).dsk" size="215296" crc="358103e1" sha1="6d26185b34ea0ac4f6773af7f3fa2a556bd266eb" />
	</machine>
	<machine name="boardelo">
		<description>Boardello</description>
		<year>1985</year>
		<publisher>Bubble Bus</publisher>
		<rom name="boardelo.dsk" size="215296" crc="4f428e86" sha1="1aaecade1d2d7e5ca7ffdd056fe66054d0c1e36d" />
	</machine>
	<machine name="castle">
		<description>Castle Quest &amp; Quest</description>
		<year>19??</year>
		<publisher>Kuma Software</publisher>
		<rom name="castle.dsk" size="215296" crc="d21a8b66" sha1="cc12ce160e9da03c687f1d325deacf750c63622b" />
	</machine>
	<machine name="cchamber">
		<description>Cursed Chambers &amp; ZRIM</description>
		<year>19??</year>
		<publisher>Kuma Software</publisher>
		<rom name="cchambera\cursed chambers &amp; zrim (198x)(kuma software).dsk" size="215296" crc="e90b6d6e" sha1="42fdd02da64b5141e968a8edbeafbf244a8b67de" />
		<rom name="cchamber.dsk" size="215296" crc="5ed3b3f6" sha1="77deff35d7d68dbf22ebdffe950e0a160a888799" />
	</machine>
	<machine name="chuckie">
		<description>Chuckie Egg</description>
		<year>1984</year>
		<publisher>Tatung Einsoft</publisher>
		<rom name="chuckie.dsk" size="215296" crc="646a2e35" sha1="0ec273fef5172259a81a3837904450ad03842e42" />
	</machine>
	<machine name="cluedo">
		<description>Cluedo</description>
		<year>1984</year>
		<publisher>Leisure Genius</publisher>
		<rom name="cluedo.dsk" size="215296" crc="9c512cd7" sha1="2c0c2db7d7b029b2dac634891429e3b2fc0ab896" />
	</machine>
	<machine name="conanbox">
		<description>Conan &amp; Boxing</description>
		<year>19??</year>
		<publisher>&lt;homebrew&gt;</publisher>
		<rom name="conan &amp; boxing (19xx)(castro, mario).dsk" size="215296" crc="841c2f87" sha1="ef27be711470e8f1899002a7d2c135365433a7a1" />
	</machine>
	<machine name="cpm">
		<description>CP/M+</description>
		<year>19??</year>
		<publisher>Duncan Elvin</publisher>
		<rom name="cpm3.dsk" size="215296" crc="ba285bc6" sha1="862af9d340226fb8f21ab8ae209dba209775bc6e" />
	</machine>
	<machine name="cracker">
		<description>The Cracker (v2.31c)</description>
		<year>1985</year>
		<publisher>Tatung</publisher>
		<rom name="cracker, the v2.31c (1985)(tatung).dsk" size="215296" crc="d7281b0d" sha1="92866de491cb5e8dd42d1c1cd458e17b2e0d3dcd" />
	</machine>
	<machine name="diamond">
		<description>Dan Diamond Trilogy</description>
		<year>19??</year>
		<publisher>Tatung Einsoft</publisher>
		<rom name="diamond.dsk" size="215296" crc="7995e95b" sha1="af9784f5129c91de29d896cd4ef6eb013abe4b2e" />
	</machine>
	<machine name="disc">
		<description>The Disc</description>
		<year>19??</year>
		<publisher>Emsoft</publisher>
		<rom name="disk.dsk" size="215296" crc="2a18d569" sha1="45950a6d63d661c4819a53e156da8027055eff42" />
	</machine>
	<machine name="discodan">
		<description>Disco Dan</description>
		<year>1984</year>
		<publisher>Tatung Einsoft</publisher>
		<rom name="disco.dsk" size="215296" crc="21006fae" sha1="0c8563fb3b5d92d10f7560ed70558b74b203e2ca" />
	</machine>
	<machine name="druid">
		<description>Druid</description>
		<year>19??</year>
		<publisher>Merlin Software</publisher>
		<rom name="druid.dsk" size="215296" crc="25de2d70" sha1="008fec6fdfa922172cf385166a676c3d76943a71" />
	</machine>
	<machine name="eazidraw">
		<description>Eazidraw</description>
		<year>1988</year>
		<publisher>Supasoft</publisher>
		<rom name="eazidraw.dsk" size="215296" crc="8999581b" sha1="49a00d2489ae0e9bc14cf96d5363b916fe242608" />
	</machine>
	<machine name="eincomp">
		<description>Einstein Compendium</description>
		<year>19??</year>
		<publisher>Emsoft</publisher>
		<rom name="einstein compendium (19xx)(emsoft).dsk" size="215296" crc="40aaf5ff" sha1="c3a4b1b128e77b97b4cfd1a8b6d5e9a718ed8136" />
	</machine>
	<machine name="eindisk1">
		<description>Einstein Disk International 1</description>
		<year>19??</year>
		<publisher>&lt;homebrew&gt;</publisher>
		<rom name="einstein disk international 1 (19xx)(dunipace, andrew).dsk" size="215296" crc="bc633dd3" sha1="b82eb7b2868e7243559815520143c6b59e966be7" />
	</machine>
	<machine name="eindisk2">
		<description>Einstein Disk International 2</description>
		<year>19??</year>
		<publisher>&lt;homebrew&gt;</publisher>
		<rom name="einstein disk international 2 (19xx)(dunipace, andrew).dsk" size="215296" crc="da550c81" sha1="4ca4c297c3d661ccab7e1f7bb2b3a161ae95f2b2" />
	</machine>
	<machine name="eindisk3">
		<description>Einstein Disk International 3</description>
		<year>198?</year>
		<publisher>&lt;homebrew&gt;</publisher>
		<rom name="einstein disk international 3 (19xx)(-).dsk" size="215296" crc="ff3219ea" sha1="505f3b7aafa54addeba34dab7a21009b2f9a7baa" />
	</machine>
	<machine name="elite">
		<description>Elite</description>
		<year>198?</year>
		<publisher>Firebird</publisher>
		<rom name="elite.dsk" size="215296" crc="17dad062" sha1="e0ee4579e436ea0de01d6dc68e4034a119ee8777" />
	</machine>
	<machine name="fantasia">
		<description>Colour Fantasia</description>
		<year>1984</year>
		<publisher>Kuma</publisher>
		<rom name="colour fantasia (1984)(kuma).dsk" size="215296" crc="9ba560b0" sha1="315cf7972b5ab4101d7fa36b8473f95bfbb0b5c9" />
	</machine>
	<machine name="fathom">
		<description>Fathom's Deep</description>
		<year>19??</year>
		<publisher>Merlin Software</publisher>
		<rom name="fathoms deep (19xx)(merlin software).dsk" size="215296" crc="303afc4f" sha1="4a619ebc15353c6a7cc0ec4844a430343acec68f" />
	</machine>
	<machine name="fsim">
		<description>Flight Simulation</description>
		<year>1985</year>
		<publisher>ScreenSoft</publisher>
		<rom name="flightsim.dsk" size="215296" crc="9af55027" sha1="a8187166874feca2bdc8463a2c4c8ce923c4cede" />
	</machine>
	<machine name="fukung">
		<description>Fu-Kung in Las Vegas</description>
		<year>1985</year>
		<publisher>Tatung Einsoft</publisher>
		<rom name="fukung.dsk" size="215296" crc="1fa870f3" sha1="c191b77d3a688a0cc7666e82df4ab767c0985bd7" />
	</machine>
	<machine name="gamecmp1">
		<description>Game Compilation (Cracked)</description>
		<year>19??</year>
		<publisher>&lt;unknown&gt;</publisher>
		<rom name="game compilation (19xx)(-)[cr].dsk" size="215296" crc="e9e06cad" sha1="7c584b517c0e961cc3d6ea9424876743fa0706fb" />
	</machine>
	<machine name="gamecomp">
		<description>Games Compendium</description>
		<year>19??</year>
		<publisher>Solo Software</publisher>
		<rom name="games.dsk" size="215296" crc="c3b528b7" sha1="f7065b08ceced334afa94a56bbf9c6f32a9c15f5" />
	</machine>
	<machine name="gronks">
		<description>Gronks</description>
		<year>198?</year>
		<publisher>&lt;unknown&gt;</publisher>
		<rom name="gronks.dsk" size="215296" crc="706fbb82" sha1="4be0e5f6c901fddbd0d4e3867a4686e24466f9eb" />
	</machine>
	<machine name="helimath">
		<description>Heli-Maths</description>
		<year>1985</year>
		<publisher>Screensoft</publisher>
		<rom name="heli-maths (1985)(screensoft).dsk" size="215296" crc="05554ee4" sha1="ad180db0a1de09fa9bc33b78a616602515567032" />
	</machine>
	<machine name="highway">
		<description>Highway Encounter</description>
		<year>1985</year>
		<publisher>Orion Software</publisher>
		<rom name="highway.dsk" size="1722368" crc="6a0b9186" sha1="dc88e7aa2cdf9d066fece5dc10092a41de077075" />
	</machine>
	<machine name="hitchikr">
		<description>Hitchhikers Guide to the Galaxy</description>
		<year>1984</year>
		<publisher>Infocom</publisher>
		<rom name="hitchiker.dsk" size="215296" crc="6d67855a" sha1="99f91956d576d815ca28f0f872bbb625d23c9ba8" />
	</machine>
	<machine name="hustler">
		<description>Hustler</description>
		<year>1985</year>
		<publisher>Bubble Bus</publisher>
		<rom name="hustler.dsk" size="215296" crc="86602255" sha1="964e96a6b800bf609546fc5fbb3ceb12a63c73d8" />
	</machine>
	<machine name="jetsetw">
		<description>Jet Set Willy</description>
		<year>19??</year>
		<publisher>Software Projects</publisher>
		<rom name="willy.dsk" size="215296" crc="0cb80035" sha1="13e0de50a739103b2e3839cf2274510e2440224c" />
	</machine>
	<machine name="kumautil">
		<description>Kuma Disc Utility (v1.0)</description>
		<year>19??</year>
		<publisher>Kuma Software</publisher>
		<rom name="kumautil.dsk" size="215296" crc="49149c08" sha1="ddb0aa5ac4bb63b9d9c90218db7bad794a564ab9" />
	</machine>
	<machine name="lazyj">
		<description>Lazy Jones</description>
		<year>1985</year>
		<publisher>Terminal Software</publisher>
		<rom name="lazyjone.dsk" size="215296" crc="fff1af5d" sha1="ed44cace57f25ddf865091f1b9753e8e0555b8c6" />
	</machine>
	<machine name="lesflics">
		<description>Les Flics</description>
		<year>1985</year>
		<publisher>Electric Software</publisher>
		<rom name="lesflics.dsk" size="215296" crc="8014e1f0" sha1="e0602ee608b7416089e05929b7bb36116a42344f" />
	</machine>
	<machine name="lostfix">
		<description>Get Lost &amp; Mr Fixit</description>
		<year>1984</year>
		<publisher>Solo Software</publisher>
		<rom name="get lost &amp; mr fixit (1984)(solo software).dsk" size="215296" crc="07b9417b" sha1="078e78f81c251fe3bef2caefe766f21454c06985" />
	</machine>
	<machine name="lottery">
		<description>Lottery</description>
		<year>2005</year>
		<publisher>&lt;homebrew&gt;</publisher>
		<rom name="lottery (2005)(castro, mario).dsk" size="215296" crc="356cbdbb" sha1="dc832b72dda5d3997b22f48f26619eecd809b007" />
	</machine>
	<machine name="manicmin">
		<description>Manic Miner</description>
		<year>1985</year>
		<publisher>Software Projects</publisher>
		<rom name="manicmin.dsk" size="215296" crc="074d1c59" sha1="1cb57d05ff38517fa7aa4bcedf56a324e57d57c0" />
	</machine>
	<machine name="manikpan">
		<description>Manik Panik &amp; Galaxoids</description>
		<year>19??</year>
		<publisher>Solo Software</publisher>
		<rom name="manik panik &amp; galaxoids (19xx)(solo software).dsk" size="432111" crc="3512fac4" sha1="e48e44ba48535665cd97a54185c94c559bd7813a" />
	</machine>
	<machine name="mathmag">
		<description>Mathe-Magic &amp; Scoop</description>
		<year>19??</year>
		<publisher>Solo Software</publisher>
		<rom name="mathe.dsk" size="215296" crc="88a08a2f" sha1="bfbdd42f5fb5eeeb97c8ab04b1c8474ce59ddf40" />
	</machine>
	<machine name="mathsq">
		<description>Maths Quest &amp; Alphabet Quest</description>
		<year>19??</year>
		<publisher>Solo Software</publisher>
		<rom name="mathsq.dsk" size="215296" crc="e90111b1" sha1="0949b404180115fa914d12f37edfb24de4bc83d2" />
	</machine>
	<machine name="maxima">
		<description>Maxima</description>
		<year>1985</year>
		<publisher>Solo Software</publisher>
		<rom name="maxima.dsk" size="215296" crc="9af76546" sha1="b8683812dd2f64f5f6048899863cf41ef0f60cc4" />
	</machine>
	<machine name="merlin8">
		<description>Escape from Merlin 8</description>
		<year>19??</year>
		<publisher>Merlin Software</publisher>
		<rom name="escape.dsk" size="215296" crc="354f1dc7" sha1="46fff7aaa171c13e370329eed2f8857e3349b74a" />
	</machine>
	<machine name="microplx">
		<description>Einstein Micro Plox</description>
		<year>1989</year>
		<publisher>Henry Philippe</publisher>
		<rom name="microplx.dsk" size="215296" crc="8559318d" sha1="4c585dce341652c37d5066c63864030cd0aaa44b" />
	</machine>
	<machine name="minedick">
		<description>Miner Dick</description>
		<year>1984</year>
		<publisher>Merlin Software</publisher>
		<rom name="miner dick (1984)(merlin software).dsk" size="215296" crc="85b403e9" sha1="a5902ca0d2eb6e33840c771fc204a77afc93416b" />
	</machine>
	<machine name="monopoly">
		<description>Monopoly</description>
		<year>19??</year>
		<publisher>Leisure Genius</publisher>
		<rom name="monopoly.dsk" size="215296" crc="28059487" sha1="03681989f41e434388b26e58fdc124de39864f60" />
	</machine>
	<machine name="mouseart">
		<description>Mouse Art</description>
		<year>19??</year>
		<publisher>Emsoft</publisher>
		<rom name="mouse art (19xx)(emsoft).dsk" size="215296" crc="0645ec91" sha1="4c207b635a8acbf83361659a55953999e33cd335" />
	</machine>
	<machine name="musicomp">
		<description>Music Composer</description>
		<year>1984</year>
		<publisher>Kuma Software</publisher>
		<rom name="mcomposer.dsk" size="215296" crc="24a295c6" sha1="dc9682960157204ec5d2938a96a56a271bbffc11" />
	</machine>
	<machine name="mworkshp">
		<description>Music Workshop</description>
		<year>19??</year>
		<publisher>Screensoft</publisher>
		<rom name="mworkshpa\music workshop (19xx)(screensoft)[a].dsk" size="215296" crc="bc7e66cf" sha1="438398a62e92b003672dd595d7358de662de9b70" />
		<rom name="mworkshop.dsk" size="215296" crc="a4bfa2ef" sha1="edd4a4aa4ba14f72632099cfe9eaca9519fc0a4a" />
	</machine>
	<machine name="nightmar">
		<description>Nightmare Park &amp; Commando Plain</description>
		<year>19??</year>
		<publisher>Solo Software</publisher>
		<rom name="nightmare.dsk" size="215296" crc="13b56567" sha1="22776fe320f00fb0908ce29a8908f0dc38e0f719" />
	</machine>
	<machine name="ohmummy">
		<description>Oh Mummy!</description>
		<year>1984</year>
		<publisher>Tatung Einsoft</publisher>
		<rom name="ohmummy.dsk" size="215296" crc="86ae70c1" sha1="ceb5fb85e83a1af8540a51f70ebac366e0f588d8" />
	</machine>
	<machine name="pakman">
		<description>Pakman &amp; Millipede</description>
		<year>198?</year>
		<publisher>Kuma Software</publisher>
		<rom name="pakman &amp; millipede (198x)(kuma software).dsk" size="215296" crc="e4873d5c" sha1="9706faecc8a4df33bdcbd0dc7549d6b70257a97d" />
	</machine>
	<machine name="panzer">
		<description>Panzer Attack</description>
		<year>1985</year>
		<publisher>Lothlorien</publisher>
		<rom name="panzer attack (1985)(lothlorien).dsk" size="215296" crc="0ce722b7" sha1="78c2c21534f9299814a6757f7334d4f5b21c3995" />
	</machine>
	<machine name="peteutil">
		<description>Pete's Utilities</description>
		<year>19??</year>
		<publisher>Merlin Software</publisher>
		<rom name="peteutil.dsk" size="215296" crc="33f92503" sha1="551a8b97c5bbf1d9f2202f1fee516455d2d67c7b" />
	</machine>
	<machine name="progkit">
		<description>Programmers Kit</description>
		<year>19??</year>
		<publisher>Merlin Software</publisher>
		<rom name="progkit.dsk" size="215296" crc="2feebf86" sha1="e488c6a92706021f94de645206dafaf1beb52b8c" />
	</machine>
	<machine name="punchy">
		<description>Punchy</description>
		<year>1985</year>
		<publisher>Tatung Einsoft</publisher>
		<rom name="punchy.dsk" size="215296" crc="644c1a0a" sha1="ff4c740976a57ec01eb9b11e09af141c20219b02" />
	</machine>
	<machine name="qoko2">
		<description>Qoko 2</description>
		<year>19??</year>
		<publisher>Orion Software</publisher>
		<rom name="qoko2.dsk" size="215296" crc="bcbd472f" sha1="c53d9272306f119acd9e441ddacb1cd467160cc3" />
	</machine>
	<machine name="quantum">
		<description>Quantum</description>
		<year>19??</year>
		<publisher>Merlin Software</publisher>
		<rom name="quantum (19xx)(orion software).dsk" size="432111" crc="2145a675" sha1="53aedb6567deafc5a5b29b1b714141ae78a78d20" />
	</machine>
	<machine name="riverbnd">
		<description>River Bandits</description>
		<year>19??</year>
		<publisher>Merlin Software</publisher>
		<rom name="river bandits (19xx)(merlin software).dsk" size="435183" crc="84f88b5c" sha1="728678c6f3eee525ac752c7f8b0226e6df18ec31" />
	</machine>
	<machine name="rocket">
		<description>Rocket / Giant Maths / Mighty Writer</description>
		<year>19??</year>
		<publisher>Solo Software</publisher>
		<rom name="rocket.dsk" size="215296" crc="8ffe425c" sha1="04036decd519566ab407787d9ce837416182d986" />
	</machine>
	<machine name="roverbal">
		<description>Roverball</description>
		<year>19??</year>
		<publisher>Merlin Software</publisher>
		<rom name="roverball (19xx)(merlin software).dsk" size="432111" crc="72ade6bd" sha1="ac2aedfa2cb5565591d444ddf50cfc013a4e23cb" />
	</machine>
	<machine name="schess">
		<description>Superchess</description>
		<year>1984</year>
		<publisher>Kuma Software</publisher>
		<rom name="schess.dsk" size="215296" crc="330ee711" sha1="ecb705079c67ed7310ace0fd54a17fb938b62aa9" />
	</machine>
	<machine name="scrabble">
		<description>Scrabble</description>
		<year>1985</year>
		<publisher>Leisure Genius</publisher>
		<rom name="scrabble.dsk" size="215296" crc="d0925441" sha1="6249757df8309764c3c2577b1e682cba7bb25a0c" />
	</machine>
	<machine name="screenpl">
		<description>Screen Plus</description>
		<year>1985</year>
		<publisher>Syntaxsoft</publisher>
		<rom name="screenpl.dsk" size="215296" crc="a2098af2" sha1="bd8afb974470c6d25c35a4610c5c3717b3bb6971" />
	</machine>
	<machine name="sforth">
		<description>SuperFORTH (v1.12)</description>
		<year>1984</year>
		<publisher>Tatung Einsoft</publisher>
		<rom name="sforth.dsk" size="215296" crc="adba426f" sha1="1a7b90ff0f5878594c23c2f2d625df50da3987e8" />
	</machine>
	<machine name="skinubbl">
		<description>Ski-Jump &amp; Nubble Trubble</description>
		<year>19??</year>
		<publisher>&lt;homebrew&gt;</publisher>
		<rom name="ski-jump &amp; nubble trubble (19xx)(castro, mario).dsk" size="215296" crc="589a78d2" sha1="e474ef511c440c8c61b8fa4cfd551cfa60e27f51" />
	</machine>
	<machine name="snooker">
		<description>Tournament Snooker</description>
		<year>198?</year>
		<publisher>Hard Software</publisher>
		<rom name="snooker.dsk" size="215296" crc="509a8c66" sha1="ded70d23bb2987c59a9221d2f8271ad249a0f7c8" />
	</machine>
	<machine name="southbel">
		<description>Southern Belle</description>
		<year>19??</year>
		<publisher>Merlin Software</publisher>
		<rom name="southern belle (19xx)(hewson consultants)[rm].dsk" size="215296" crc="fde43d49" sha1="62def9be94e32e6d608534bc9af460d657d0d14b" />
	</machine>
	<machine name="spactrap">
		<description>Space Trap</description>
		<year>1985</year>
		<publisher>Solo Software</publisher>
		<rom name="spactrap.dsk" size="215296" crc="ca2fd938" sha1="a17b65b031eafe359c452c28c1ecd6260a21eb2e" />
	</machine>
	<machine name="specemu">
		<description>Spectrum Emulator Disk 1</description>
		<year>19??</year>
		<publisher>Syntaxsoft</publisher>
		<rom name="spectrum emulator disk 1 (19xx)(syntaxsoft).dsk" size="215296" crc="51cfd4ef" sha1="17fad087a94be68c659d36d16db73c82ee3fb083" />
	</machine>
	<machine name="specops">
		<description>Special Operations</description>
		<year>198?</year>
		<publisher>Lothlorien</publisher>
		<rom name="specops.dsk" size="215296" crc="608c9413" sha1="f5cec117a1a4a1c82a678a5a291c55c91617d26f" />
	</machine>
	<machine name="spelbuld">
		<description>Spell n' Build</description>
		<year>19??</year>
		<publisher>Solo Software</publisher>
		<rom name="spelbuld.dsk" size="215296" crc="f59fbfd8" sha1="2fabe45acc4e830ea66778099adadca1a333239e" />
	</machine>
	<machine name="spellbrk">
		<description>Spellbreaker</description>
		<year>1985</year>
		<publisher>Infocom</publisher>
		<rom name="spellbreaker (1985)(infocom).dsk" size="215296" crc="292a832d" sha1="372cfdb1cfb7be518b0f6114fad7d1c26781a227" />
	</machine>
	<machine name="spreadsh">
		<description>Spreadsheet</description>
		<year>1984</year>
		<publisher>Kuma Computers</publisher>
		<rom name="speadsht.dsk" size="215296" crc="96f8e1b8" sha1="976e16127b445ef672f4f7008a0e81e9f8dc4bba" />
	</machine>
	<machine name="starq">
		<description>Starquake</description>
		<year>19??</year>
		<publisher>Merlin Software</publisher>
		<rom name="starq.dsk" size="215296" crc="c8e4344f" sha1="884aa4fac99205e6972f089d3c41ce757ad17099" />
	</machine>
	<machine name="startrek">
		<description>Star Trek</description>
		<year>19??</year>
		<publisher>&lt;homebrew&gt;</publisher>
		<rom name="star trek (19xx)(castro, mario).dsk" size="215296" crc="525d1dd2" sha1="0f438ac14b52ff5a5071106b148c81293ba747d7" />
	</machine>
	<machine name="starx">
		<description>Starcross</description>
		<year>198?</year>
		<publisher>Infocom</publisher>
		<rom name="star+.dsk" size="215296" crc="fdc09965" sha1="e571189c00bd2f117f84431fb01383debd1d772e" />
	</machine>
	<machine name="steamv22">
		<description>Steam Computer Software Volume 22 (v1.05)</description>
		<year>1983</year>
		<publisher>&lt;homebrew&gt;</publisher>
		<rom name="steam computer software volume 22 v1.05 (1983-07-27)(rand, dave).dsk" size="215296" crc="67aa01e8" sha1="b7e7006e7e4e7b95a3a085ccfd64872cab40184b" />
	</machine>
	<machine name="stepper">
		<description>Stepper</description>
		<year>1986</year>
		<publisher>KH Scriven</publisher>
		<rom name="stepper.dsk" size="215296" crc="bf206229" sha1="98bb1935d18ef060b142d6205443a89ae5a49d14" />
	</machine>
	<machine name="super6b">
		<description>Super 6 Games (Bell)</description>
		<year>19??</year>
		<publisher>Bell Software</publisher>
		<rom name="super 6 games disc (19xx)(bell software).dsk" size="432111" crc="f38c6b10" sha1="7d515b1a84378549e87c9aaa61af106f5201c3bd" />
	</machine>
	<machine name="super6t">
		<description>Super Six Game Pack (Tatung)</description>
		<year>198?</year>
		<publisher>Tatung Einsoft</publisher>
		<rom name="super6ta\super six game pack (198x)(tatung einsoft).dsk" size="215296" crc="a2e1621d" sha1="60854afb50f96f64069349635fd91d03ba4cda2a" />
		<rom name="super6.dsk" size="215296" crc="d30f1ed7" sha1="c9d36bec2116db5fa2f376e2f0c52f78ee8b8667" />
	</machine>
	<machine name="supstore">
		<description>Superstore</description>
		<year>19??</year>
		<publisher>Kuma Software</publisher>
		<rom name="supstor.dsk" size="215296" crc="cc3c0961" sha1="3bf8f107646e7f45ea0a20a8286eb81da73aa78a" />
	</machine>
	<machine name="suspend">
		<description>Suspended</description>
		<year>19??</year>
		<publisher>A.C.E. Software</publisher>
		<rom name="supend.dsk" size="215296" crc="90d5482c" sha1="c7f7073ef5b643f38ac06c945bad437fe67602b9" />
	</machine>
	<machine name="swordfeu">
		<description>Sword Feud</description>
		<year>19??</year>
		<publisher>&lt;homebrew&gt;</publisher>
		<rom name="sword feud (19xx)(a.c.e. software).dsk" size="215296" crc="b871d8f0" sha1="410710023db949bd37d6af41b844650dcfb6cefa" />
	</machine>
	<machine name="sys80">
		<description>System 80</description>
		<year>19??</year>
		<publisher>Tatung</publisher>
		<rom name="sys80.dsk" size="215296" crc="e77e6eb0" sha1="0912b399a59003e9fa611f7393f466e27502de25" />
	</machine>
	<machine name="system5">
		<description>System 5</description>
		<year>19??</year>
		<publisher>Crystal Research</publisher>
		<rom name="system5.dsk" size="215296" crc="d33a17f2" sha1="eeb2a41b244db29fff7b6ac9dde21e860fb018f2" />
	</machine>
	<machine name="tasprint">
		<description>Tasprint</description>
		<year>1985</year>
		<publisher>Tasman Software</publisher>
		<rom name="tasprint.dsk" size="215296" crc="c1d1ffd4" sha1="46c9629c62bbe0394d58cd17837efc0011b79b59" />
	</machine>
	<machine name="tasword">
		<description>Tasword</description>
		<year>1985</year>
		<publisher>Tasman Software</publisher>
		<rom name="tasword.dsk" size="215296" crc="94c27e94" sha1="5141c45b16fbbb4a6b740b2677e17635f63c8695" />
	</machine>
	<machine name="theatre">
		<description>Theatre Europe</description>
		<year>1989</year>
		<publisher>Merlin Software</publisher>
		<rom name="theatre.dsk" size="235776" crc="131ea117" sha1="0e0fae54ae174933801da1c488bb405809330de9" />
	</machine>
	<machine name="timetrap">
		<description>Time Trap</description>
		<year>1984</year>
		<publisher>Tatung Einsoft</publisher>
		<rom name="timtrap.dsk" size="215296" crc="93d4de6f" sha1="6f947d5b36be85a8b9773c26e472c9a72c610d50" />
	</machine>
	<machine name="tmathcyf">
		<description>Traditional 16+ Maths &amp; Cyfax</description>
		<year>198?</year>
		<publisher>Solo Software</publisher>
		<rom name="cyfax &amp; traditional 16+ maths (198x)(solo software).dsk" size="215296" crc="0c354ecd" sha1="5967d06ae1d0665d8523cb0b688ba5bf807457a5" />
	</machine>
	<machine name="toadofru">
		<description>Toado &amp; Fruckles</description>
		<year>1986</year>
		<publisher>Syntaxsoft</publisher>
		<rom name="toado &amp; fruckles (1986)(syntaxsoft).dsk" size="215296" crc="588f1d91" sha1="727f1ee2f5073c4ffb3980592eb34cda3ff4e255" />
	</machine>
	<machine name="tombkarn">
		<description>Tombs of Karnak &amp; Encounter</description>
		<year>19??</year>
		<publisher>Solo Software</publisher>
		<rom name="tomb.dsk" size="215296" crc="c0efda16" sha1="9f8d07df2a09e189b17ce0ac43e16119f337ef30" />
	</machine>
	<machine name="tycoon">
		<description>Tycoon &amp; Pelmanism</description>
		<year>198?</year>
		<publisher>Kuma Software</publisher>
		<rom name="tycoon.dsk" size="215296" crc="b019ca6d" sha1="06f58afed1e7f8741aa648a001d79ccaa7b78bb5" />
	</machine>
	<machine name="wishbrin">
		<description>Wishbringer</description>
		<year>19??</year>
		<publisher>Infocom</publisher>
		<rom name="wishbringer (19xx)(infocom).dsk" size="215296" crc="6b9c0abe" sha1="9c9de627961e89cd6944613e96144cf93dacc389" />
	</machine>
	<machine name="wordproc">
		<description>Word Processor 40</description>
		<year>19??</year>
		<publisher>Surrey Software</publisher>
		<rom name="wordproc.dsk" size="215296" crc="ebcde8d6" sha1="f8079b7fb1a1422236d3d1a2f5610845c4145a64" />
	</machine>
	<machine name="wreck">
		<description>The Wreck</description>
		<year>19??</year>
		<publisher>Electric Software</publisher>
		<rom name="wreck.dsk" size="215296" crc="53fcd39a" sha1="76dd0102565ba64ad6fa885872c81c366a1a4c44" />
	</machine>
	<machine name="xanagram">
		<description>Xanagrams &amp; Quadrax</description>
		<year>19??</year>
		<publisher>Kuma Software</publisher>
		<rom name="xanagram.dsk" size="215296" crc="1ebdfff2" sha1="9d052b0ae1ab421c7e7e1af4cee61e730235cbd9" />
	</machine>
	<machine name="xmaster">
		<description>X-master</description>
		<year>198?</year>
		<publisher>&lt;unknown&gt;</publisher>
		<rom name="xmaster.dsk" size="215296" crc="15f20d52" sha1="31fca29a6de3e06c0209e95bb57b27d14a2aa832" />
	</machine>
	<machine name="xtaldos">
		<description>Xtaldos 1.31</description>
		<year>198?</year>
		<publisher>Tatung</publisher>
		<rom name="xtaldos.dsk" size="215296" crc="833a5fe8" sha1="998da7d4470f52ee353abfd1f5aaf5e4d36ce35b" />
	</machine>
	<machine name="zen">
		<description>Zen Editor/Assembler</description>
		<year>19??</year>
		<publisher>Kuma Software</publisher>
		<rom name="zen.dsk" size="215296" crc="6026bd29" sha1="214992bf15a1209eefc55a359e4f64743a2c56db" />
	</machine>
	<machine name="zork1">
		<description>Zork I - The Great Underground Empire</description>
		<year>198?</year>
		<publisher>Infocom</publisher>
		<rom name="zork i - the great underground empire (198x)(infocom).dsk" size="215296" crc="f7b3609d" sha1="ba812a81498a55cb333c04f4243b82ad96d7e6bf" />
	</machine>
	<machine name="zork2">
		<description>Zork II</description>
		<year>198?</year>
		<publisher>Infocom</publisher>
		<rom name="zork2.dsk" size="215296" crc="001fc68d" sha1="35c86af9a47cf16f434d4c1a58e1203170537779" />
	</machine>
	<machine name="zork3">
		<description>Zork III - The Dungeon Master</description>
		<year>198?</year>
		<publisher>Infocom</publisher>
		<rom name="zork iii - the dungeon master (198x)(infocom).dsk" size="215296" crc="35f19012" sha1="0e7a3665bcb52432f5831635196b94cff52490de" />
	</machine>
</datafile>