<?xml version="1.0" encoding="utf-8"?>
<!DOCTYPE datafile PUBLIC "-//Logiqx//DTD ROM Management Datafile//EN" "http://www.logiqx.com/Dats/datafile.dtd">
<datafile>
	<header>
		<name>fmtowns_flop_orig</name>
		<description>Fujitsu FM Towns original floppy disk images</description>
		<version></version>
		<author></author>
	</header>
	<machine name="aishimai">
		<description>Ai Shimai - Futari no Kajitsu</description>
		<year>1994</year>
		<publisher>シルキーズ (Silky's)</publisher>
		<rom name="aishimai_diska.hdm" size="1261568" crc="5566b303" sha1="7849a6811202fa6a4fe171370063b2d0d43fdee7" />
		<rom name="aishimai_diskb.hdm" size="1261568" crc="d2cafc88" sha1="b80b129f8909d3f211558b1b514ef9ef3708eb03" />
		<rom name="aishimai_diskc.hdm" size="1261568" crc="1e1a3b38" sha1="2043789e96a386a24c932a39f14ddc6a2743a3c3" />
		<rom name="aishimai_diskd.hdm" size="1261568" crc="48c70c9e" sha1="daeb6f0f1024bf6a715d9d67814e31d2b368bde3" />
	</machine>
	<machine name="aressh4m">
		<description>AIV - A Ressha de Ikou 4 - Map Construction + Power-Up Kit</description>
		<year>1994</year>
		<publisher>アートディンク (Artdink)</publisher>
		<rom name="a4_powerup_construction_disk.hdm" size="1261568" crc="1670946a" sha1="1b2d8f2cdf5d17a30eb4f323903bb83005f8ecf8" />
		<rom name="a4_powerup_data_disk.hdm" size="1261568" crc="f3adea8e" sha1="e57a1497e7b0c4fe98f23f4bfb4870db1d1e04f3" />
		<rom name="a4_powerup_system_disk.hdm" size="1261568" crc="da6ab3b4" sha1="10318fb89945ba4a46a90ae659cf69753c17e447" />
	</machine>
	<machine name="asuka120">
		<description>Asuka 120% Burning Fest.</description>
		<year>1994</year>
		<publisher>ファミリーソフト (Family Soft)</publisher>
		<rom name="asuka120_disk_a.mfm" size="3444655" crc="64a96ab4" sha1="f27c4d6e1bec29180fc0868615a08be0eb10734e" />
		<rom name="asuka120_disk_b.hdm" size="1261568" crc="2a448e8f" sha1="3b57fd0a2fecec56a3362884de0770ec4538f5eb" />
		<rom name="asuka120_disk_c.hdm" size="1261568" crc="ac9a582e" sha1="726b05d573e0776006cee6aa8c71009b1e66b5cc" />
	</machine>
	<machine name="ayumihint">
		<description>Ayumi-chan Monogatari Hint Disk</description>
		<year>1993</year>
		<publisher>アリスソフト (AliceSoft)</publisher>
		<rom name="ayumi-chan_monogatari_hint_disk.hdm" size="1261568" crc="5a408219" sha1="2a794ea767affb47d95812b217153517ce301289" />
	</machine>
	<machine name="brandish">
		<description>Brandish</description>
		<year>1991</year>
		<publisher>日本ファルコム (Nihon Falcom)</publisher>
		<rom name="brandish_game_disk_1.mfm" size="3444689" crc="b2803339" sha1="271f24d54b86e2b5d5073fbb3afc6577901919cb" />
		<rom name="brandish_game_disk_2.mfm" size="3444653" crc="bcacdcda" sha1="6e253d65df67ca8953b8e2ea7d823a2bc62b7a86" />
		<rom name="brandish_game_disk_3.mfm" size="3444640" crc="8c563bfc" sha1="7413c3393f40c96324f2af8457125741f7d81457" />
	</machine>
	<machine name="bunkun">
		<description>Bun-kun Series - Youji Kiso Nouryoku Training Soft Set</description>
		<year>1989?</year>
		<publisher>日本教育情報センター (JEIC)</publisher>
		<rom name="bun-kun - houkou to meiro.hdm" size="1261568" crc="c65dbb07" sha1="20837c3f5d6c1f92d668eadb3106ae5ba048c415" />
		<rom name="bun-kun - sentaku to kioku.hdm" size="1261568" crc="fa4ca205" sha1="3d52402adc2a37be62293488746821bf43687ad1" />
		<rom name="bun-kun - souji to junretsu.hdm" size="1261568" crc="9866bb7b" sha1="a2eb5b5bf1d4575457ee8f62a1c8fa49d1bb12b8" />
	</machine>
	<machine name="cameltry">
		<description>Cameltry</description>
		<year>1994</year>
		<publisher>電波新聞社 (Dempa Shinbunsha)</publisher>
		<rom name="cameltry.mfm" size="3599768" crc="cc2a33a3" sha1="7cdcc7cc20f3ceeaad14e4b56c285c8d2657f95a" />
	</machine>
	<machine name="cdgplay">
		<description>CD+Graphics Player V1.1L10</description>
		<year>1990</year>
		<publisher>富士通 (Fujitsu)</publisher>
		<rom name="cd_graphics_player_v1.1l10.hdm" size="1261568" crc="a98c5adc" sha1="ed7f52d1081952e75e0bb07885682c0db52a1565" />
	</machine>
	<machine name="dai3map1">
		<description>Daisenryaku III '90 Map Collection Vol. 1</description>
		<year>1992</year>
		<publisher>ペガサスジャパン (Pegasus Japan)</publisher>
		<rom name="daisenryaku iii '90 map collection vol. 1.hdm" size="1261568" crc="2828cff9" sha1="d62df199fbac964580aaffd392ff51ce00279395" />
	</machine>
	<machine name="darwin">
		<description>Darwin's Dilemma - The Solution Is Evolution</description>
		<year>1991</year>
		<publisher>スタークラフト (Starcraft)</publisher>
		<rom name="darwins_dilemma.hdm" size="1261568" crc="61b65e1f" sha1="f5a109ac842fba5dfc15c9729085da4a71426b26" />
	</machine>
	<machine name="dinosaur">
		<description>Dinosaur</description>
		<year>1991</year>
		<publisher>日本ファルコム (Nihon Falcom)</publisher>
		<rom name="dinosaur_program_disk.hdm" size="1261568" crc="2f652873" sha1="190dc1a07c1b4ac1ccc96295e8b178c15eaf89b1" />
		<rom name="dinosaur_scenario_disk_1.mfm" size="3528460" crc="b2144bf0" sha1="9ca582cbb17e9f1e82535cbe91c71b5c81f05dc9" />
		<rom name="dinosaur_scenario_disk_2.mfm" size="3528406" crc="57a79dcb" sha1="99425a1fd67e247f5133bfad50840bc3da08dc6e" />
	</machine>
	<machine name="dknight4sp">
		<description>Dragon Knight 4 Special Disk</description>
		<year>1994</year>
		<publisher>エルフ (Elf)</publisher>
		<rom name="dknight4_specialdisk_a.hdm" size="1261568" crc="87afed79" sha1="dee027d6f9b52e2aeedc06087f1f226994e896bf" />
		<rom name="dknight4_specialdisk_b.hdm" size="1261568" crc="91f63bfb" sha1="6bed33c1fa6b88a752af6f912280f4fa1dbaefa3" />
	</machine>
	<machine name="dokyuse2sp">
		<description>Doukyuusei 2 Special Disk</description>
		<year>1995</year>
		<publisher>エルフ (Elf)</publisher>
		<rom name="dks2_specialdisk_a.hdm" size="1261568" crc="b36cb5bc" sha1="269feb107864f8d1ff594558304688713efae01c" />
		<rom name="dks2_specialdisk_b.hdm" size="1261568" crc="38ae3d7a" sha1="eb02a5e96fa110b479df36a7f55ff7288976f178" />
		<rom name="dks2_specialdisk_c.hdm" size="1261568" crc="6dd7f10c" sha1="48da99807160b2ce8608b8fa0533ba96b73169dd" />
	</machine>
	<machine name="dor3">
		<description>DOR Part 3</description>
		<year>1992</year>
		<publisher>ディー・オー (D.O.)</publisher>
		<rom name="dor_part3_scenario1.hdm" size="1261568" crc="14902af2" sha1="008e6f35ffc982f21aee785e759f5c9dd2cdd5b8" />
		<rom name="dor_part3_scenario2.hdm" size="1261568" crc="9c020322" sha1="45d6ceb7e946a30283ededb0a43ebfbda49d85ef" />
		<rom name="dor_part3_scenario3.hdm" size="1261568" crc="e0fcbd2b" sha1="97fe50ba75ad82cda6776957e0adb157c3ef760e" />
		<rom name="dor_part3_system_disk.hdm" size="1261568" crc="6c9299ea" sha1="dfc078468168e9d66ee17a1696cf8cdf4063ee9c" />
	</machine>
	<machine name="dor">
		<description>DOR</description>
		<year>1992</year>
		<publisher>ディー・オー (D.O.)</publisher>
		<rom name="dor_scenario1.hdm" size="1261568" crc="77840bf7" sha1="a59f9d0113276dcd1f6d920da6e3f2d2c88d3a7a" />
		<rom name="dor_scenario2.hdm" size="1261568" crc="54f4cc1d" sha1="a0c1eb76209bf2731b2e5a6f4cb4fd305e749351" />
		<rom name="dor_scenario3.hdm" size="1261568" crc="cff4d8a5" sha1="8729e3f468e4fec5aa40a056809513b72911f9bc" />
		<rom name="dor_system_disk.hdm" size="1261568" crc="fe8fe5e9" sha1="4d8b41771f6e0c6db927e9b2b9f754abb0b40630" />
	</machine>
	<machine name="dpssg2">
		<description>D.P.S SG 2 - Dream Program System SG Set 2</description>
		<year>1991</year>
		<publisher>アリスソフト (AliceSoft)</publisher>
		<rom name="dream program system sg set 2 (disk 1 - system).hdm" size="1261568" crc="525e09d5" sha1="a3f06b510030f1a1885c24eb7c3ae3b61678d0c4" />
		<rom name="dream program system sg set 2 (disk 2 - antique house).hdm" size="1261568" crc="d8acfb80" sha1="3738e56fd64275db692acbcb4e1dc8bcc004034c" />
		<rom name="dream program system sg set 2 (disk 3 - akai yoru).hdm" size="1261568" crc="056ce9a1" sha1="995eff863368220b1ff679979ea0b70b75bf1c22" />
		<rom name="dream program system sg set 2 (disk 4 - ikenai naika kenshin futatabi).hdm" size="1261568" crc="8e7df733" sha1="4830294b8fa1196391ca96cdd6ae78b68b0ec751" />
	</machine>
	<machine name="dpssg3">
		<description>D.P.S SG 3 - Dream Program System SG Set 3</description>
		<year>1991</year>
		<publisher>アリスソフト (AliceSoft)</publisher>
		<rom name="dream program system sg set 3 (disk 1 - system).hdm" size="1261568" crc="9133028a" sha1="a344c08dfe37f8da333eee2f2f85a538ffa00e62" />
		<rom name="dream program system sg set 3 (disk 2 - sotsugyou).hdm" size="1261568" crc="d2132d93" sha1="bc949f2b56fdacb61cc4799da57dc9691f134e7c" />
		<rom name="dream program system sg set 3 (disk 3 - rabbit p4p).hdm" size="1261568" crc="eeadc748" sha1="80fd11fefde38b4abcbce95dbe2042d5016c8c06" />
		<rom name="dream program system sg set 3 (disk 4 - shinkonsan monogatari).hdm" size="1261568" crc="868fe008" sha1="0f3a452e4614cf5f1c72ee5a31fa678b3f059a84" />
	</machine>
	<machine name="drill4">
		<description>Towns Drill - Shougaku Sansuu Series - Sansuu 4-nen (TownsGEAR V2.1 version)</description>
		<year>1992</year>
		<publisher>教育ソフト研究所 (Kyouiku Soft Kenkyuusho)</publisher>
		<rom name="towns_drill_shougaku_sansuu_4-nen_gear_v2.1.hdm" size="1261568" crc="2dcbb79b" sha1="81de3ed14da4ca341594072ee21ac95cf0d0ff9e" />
	</machine>
	<machine name="drill5">
		<description>Towns Drill - Shougaku Sansuu Series - Sansuu 5-nen (TownsGEAR V2.1 version)</description>
		<year>1992</year>
		<publisher>教育ソフト研究所 (Kyouiku Soft Kenkyuusho)</publisher>
		<rom name="towns_drill_shougaku_sansuu_5-nen_gear_v2.1.hdm" size="1261568" crc="6eb42679" sha1="25ebbc26a0affb3b62d5df80187728e12727023c" />
	</machine>
	<machine name="drstop">
		<description>Dr. Stop!</description>
		<year>1990</year>
		<publisher>アリスソフト (AliceSoft)</publisher>
		<rom name="dr. stop (disk a).hdm" size="1261568" crc="622bc757" sha1="7b0e12a71c8b531ac355d733239d72a4223a5bd6" />
		<rom name="dr. stop (disk b).hdm" size="1261568" crc="faf6169c" sha1="c1cf3ecbcda6da2e581b0b00f481abef33c0c626" />
	</machine>
	<machine name="dsloh2">
		<description>Dragon Slayer - The Legend of Heroes II</description>
		<year>1993</year>
		<publisher>タケル (Takeru) / 日本ファルコム (Nihon Falcom)</publisher>
		<rom name="loh2_masterprogramdisk.mfm" size="3582174" crc="e7a1fd4d" sha1="9a12b8f49322f8617753efbf5118a51e95590daf" />
		<rom name="loh2_programdisk.mfm" size="3590084" crc="bf015288" sha1="5dc1bf9bfc99c71996c38dd7b150132eb701d8e3" />
		<rom name="loh2_scenariodisk1.mfm" size="3583888" crc="47520a2f" sha1="416b671ba5423329620a5c993548888ca7c84f0b" />
		<rom name="loh2_scenariodisk2.mfm" size="3583160" crc="aa325e10" sha1="21e99860e3ad8473f8af707e08d5a8aa34e31492" />
		<rom name="loh2_scenariodisk3.mfm" size="3582193" crc="588d3a38" sha1="59acc89c9cc4c862637be3bffb16434af101517a" />
	</machine>
	<machine name="dsloh">
		<description>Dragon Slayer - The Legend of Heroes</description>
		<year>1990</year>
		<publisher>日本ファルコム (Nihon Falcom)</publisher>
		<rom name="loh_eventdisk.mfm" size="3577270" crc="3b377ff0" sha1="c1f79ecebc72ed4d477347561b6425168964c952" />
		<rom name="loh_programdisk.mfm" size="3576115" crc="558d1a77" sha1="cc4a851c777ca72cb6ae9205a0716a76c1d4f243" />
		<rom name="loh_scenariodisk.mfm" size="3576598" crc="f47f814f" sha1="9b350ab36a8fe7255cdebb2e03ac25fb7f62e6a4" />
	</machine>
	<machine name="elle">
		<description>Elle</description>
		<year>1991</year>
		<publisher>エルフ (Elf)</publisher>
		<rom name="elle_disk_a.hdm" size="1261568" crc="0c51b3d5" sha1="86b4c7a99eab58aaa0de6cd3a9be7b38bcb71e1a" />
		<rom name="elle_disk_b.hdm" size="1261568" crc="51f89d02" sha1="b28957925eaf83ed1ae34d47b7b2901105486ec1" />
		<rom name="elle_disk_c.hdm" size="1261568" crc="ffce2739" sha1="0bd349b377fdf6acfdbfa81727fdd21226b1b60a" />
		<rom name="elle_disk_d.hdm" size="1261568" crc="366a37b5" sha1="a62f90d370a671c3aef5343a7c720c03910746cf" />
		<rom name="elle_disk_e.hdm" size="1261568" crc="b8cf0367" sha1="011efbade6a0244606f0bb8cf7b44ae76485df34" />
	</machine>
	<machine name="futoph01">
		<description>Futoppara FD Heisei 1-gou</description>
		<year>1991</year>
		<publisher>SoftBank</publisher>
		<rom name="futoppara_fd_heisei_1.hdm" size="1261568" crc="e52845bb" sha1="73aba829fa729b253723ee0a062a3ba5a6d10899" />
	</machine>
	<machine name="gearvid">
		<description>Gear-Video</description>
		<year>1991</year>
		<publisher>インターリミテッドロジック (Inter Limited Logic)</publisher>
		<rom name="gear_video.hdm" size="1261568" crc="633c12b2" sha1="abeca42bd1fcadbbfe90123f1bec7a9c46e7b45d" />
	</machine>
	<machine name="gokickj">
		<description>Jissen Igo Taikyoku - Gokichi-kun - Chuukyuu (Jou)</description>
		<year>1989</year>
		<publisher>ジーエーエム (GAM)</publisher>
		<rom name="jissen_igo_taikyoku_gokichi-kun_chuukyuu_jou_disk_a.hdm" size="1261568" crc="f8b4294d" sha1="58d6f13fa1622452eefaab6a1d47b9a4348c2fab" />
		<rom name="jissen_igo_taikyoku_gokichi-kun_chuukyuu_jou_disk_b.hdm" size="1261568" crc="f833ae7a" sha1="ff3ed44ae9ff071f37b1fd107c5c7a366c32fae4" />
	</machine>
	<machine name="hhunt01">
		<description>Houma Hunter Lime Dai-1-wa</description>
		<year>1993</year>
		<publisher>タケル (Takeru)</publisher>
		<rom name="houma_hunter_lime_vol_1_data_disk.hdm" size="1261568" crc="9d8e0b38" sha1="54cd9d1f6fefecc6dbb7904bbea45a234a5039f9" />
		<rom name="houma_hunter_lime_vol_1_system_disk.hdm" size="1261568" crc="833271c4" sha1="387dd004264a32ea92b301406d8b6e1ebb5c397c" />
	</machine>
	<machine name="hhunt02">
		<description>Houma Hunter Lime Dai-2-wa</description>
		<year>1993</year>
		<publisher>タケル (Takeru)</publisher>
		<rom name="houma_hunter_lime_vol_2_data_disk.hdm" size="1261568" crc="d62d6145" sha1="ced6035d7b6fc90de8d4f7f4c13128ce89bf2d13" />
		<rom name="houma_hunter_lime_vol_2_system_disk.hdm" size="1261568" crc="a2d64ff4" sha1="6151e3a2ac8d270d334dcd5c28b6fe9918109fa9" />
	</machine>
	<machine name="hhunt03">
		<description>Houma Hunter Lime Dai-3-wa</description>
		<year>1993</year>
		<publisher>タケル (Takeru)</publisher>
		<rom name="houma_hunter_lime_vol_3_data_disk.hdm" size="1261568" crc="18719a36" sha1="200fdc928c15ae0d04ec8a41e7929ece01026e6f" />
		<rom name="houma_hunter_lime_vol_3_system_disk.hdm" size="1261568" crc="1f162fd7" sha1="f95d0fbec2bac346a5551c34d84d00f7de76990f" />
	</machine>
	<machine name="kakefuku">
		<description>Kakeibo + Fukubukuro - Wagaya no Benrichou Vol. 1</description>
		<year>1989</year>
		<publisher>コスモスコンピュータ (Cosmos Computer)</publisher>
		<rom name="fukubukuro.hdm" size="1261568" crc="034f84cf" sha1="d6a0adcf46090a59fc3750537590c2bb5ff4463b" />
		<rom name="kakeibo.mfm" size="3430257" crc="355f3e82" sha1="64f1e2bcfd8a924ff225e66787814667cb83f235" status="baddump" />
	</machine>
	<machine name="kawaichi">
		<description>Kawarazaki-ke no Ichizoku</description>
		<year>1993</year>
		<publisher>シルキーズ (Silky's)</publisher>
		<rom name="kawarazaki-ke no ichizoku (disk a).hdm" size="1261568" crc="8e5377bb" sha1="1b977a5dbc3bae53f995cce516be29eef231267d" />
		<rom name="kawarazaki-ke no ichizoku (disk b).hdm" size="1261568" crc="28cc3fe4" sha1="402e71d702b3af458110e602c3109e82bc26afb0" />
		<rom name="kawarazaki-ke no ichizoku (disk c).hdm" size="1261568" crc="e7647e74" sha1="49053fc637a6d704fc766c3428741fafc6e06e5a" />
		<rom name="kawarazaki-ke no ichizoku (disk d).hdm" size="1261568" crc="12a2bc4b" sha1="57eec756df31ea4e4a2aaf822a7a7200004fcd4a" />
		<rom name="kawarazaki-ke no ichizoku (disk e).hdm" size="1261568" crc="7999334a" sha1="c4e1abf0be91e679867709319fb876f6c6789aa4" />
	</machine>
	<machine name="kittyw2">
		<description>Kitty World 2</description>
		<year>1994</year>
		<publisher>タケル (Takeru)</publisher>
		<rom name="kitty_world_2.hdm" size="1261568" crc="31710048" sha1="ca8b9c6ff8c447e96cb6aad90a57a1b590e46fb7" />
	</machine>
	<machine name="links386cc1">
		<description>Golf Links 386 Pro Champion Course Vol. 1 - Mauna Kea Beach Golf Course</description>
		<year>1995</year>
		<publisher>サイベル (Cybelle)</publisher>
		<rom name="links386_champion_course_1_disk_1.hdm" size="1261568" crc="1b702c10" sha1="74a6a13592f07630b0f922acc5a125e69e59ba49" />
		<rom name="links386_champion_course_1_disk_2.hdm" size="1261568" crc="a34e90ce" sha1="cba98efa113ac0d07e94e22bf38eafda8240db38" />
		<rom name="links386_champion_course_1_disk_3.hdm" size="1261568" crc="85fe3c1f" sha1="6a6c5e7e3607510c4119295f929d6a0fdea861e1" />
	</machine>
	<machine name="links386cc2">
		<description>Golf Links 386 Pro Champion Course Vol. 2 - Firestone Country Club South Course</description>
		<year>1995</year>
		<publisher>サイベル (Cybelle)</publisher>
		<rom name="links386_champion_course_2_disk_1.hdm" size="1261568" crc="0f3e0e2a" sha1="03c71ce6f96e64a19ecd353d58bf5708011e6be8" />
		<rom name="links386_champion_course_2_disk_2.hdm" size="1261568" crc="d0a1bbe8" sha1="b727ef45ca5a6b4db1ee79dd6145e46c12e9c263" />
	</machine>
	<machine name="links386cc3">
		<description>Golf Links 386 Pro Champion Course Vol. 3 - Banff Springs</description>
		<year>1995</year>
		<publisher>サイベル (Cybelle)</publisher>
		<rom name="links386_champion_course_3_disk_1.hdm" size="1261568" crc="23ba9b17" sha1="49f0736f3f4cd75d2cc6bda6fcde5af926e6a911" />
		<rom name="links386_champion_course_3_disk_2.hdm" size="1261568" crc="43fa8482" sha1="bb2b8116a50f3124021401a977a6a07495cb7b9c" />
		<rom name="links386_champion_course_3_disk_3.hdm" size="1261568" crc="849a5692" sha1="44d4919fadf15f6196ced2161f16916e04fe8b5a" />
	</machine>
	<machine name="links386cc4">
		<description>Golf Links 386 Pro Champion Course Vol. 4 - Innisbrook Copperhead Course</description>
		<year>1995</year>
		<publisher>サイベル (Cybelle)</publisher>
		<rom name="links386_champion_course_4_disk_1.hdm" size="1261568" crc="7051b02d" sha1="92c280455ecdf4a7f1bbfd68938f008efeb9b77a" />
		<rom name="links386_champion_course_4_disk_2.hdm" size="1261568" crc="4a060b79" sha1="7aa38b2e37f6e2efa3367386a63bdf1c8ae64446" />
		<rom name="links386_champion_course_4_disk_3.hdm" size="1261568" crc="7055c7bc" sha1="71783444ad069be8042baffdefb55c2e0b5a48aa" />
	</machine>
	<machine name="logowrt2">
		<description>Logo Writer 2</description>
		<year>1991</year>
		<publisher>ロゴジャパン (Logo Japan)</publisher>
		<rom name="logo_writer_2_execution_disk.hdm" size="1261568" crc="437e9744" sha1="ed0f047e56105737ece66017ac76da99e3b2e6ae" />
		<rom name="logo_writer_2_sample_program.mfm" size="3444632" crc="e9df0615" sha1="bc1013d7b00cf5b25e60e87fb93f6330235a0723" status="baddump" />
	</machine>
	<machine name="lordmon">
		<description>Lord Monarch</description>
		<year>1991</year>
		<publisher>日本ファルコム (Nihon Falcom)</publisher>
		<rom name="lord_monarch_ending_disk.mfm" size="3444648" crc="9bb132e0" sha1="ed720bb07be36e6706d0f42b685bfb2864fce1e3" />
		<rom name="lord_monarch_program_disk.mfm" size="3444631" crc="bb147cdd" sha1="4fef91880ac4d2a17baf534caa02d3b29f71afc6" />
		<rom name="lord_monarch_user_disk.mfm" size="3444637" crc="3a6a8f2a" sha1="29d57156beecb7e6b974b64c2f6fcec7233d23d2" />
	</machine>
	<machine name="lvalourd">
		<description>Legends of Valour - Gouyuu no Densetsu - Demonstration</description>
		<year>1994</year>
		<publisher>ビング (Ving)</publisher>
		<rom name="legends_of_valour_demonstration.hdm" size="1261568" crc="cfc16bdf" sha1="f430fc78b4bf56f97548ec4bc6d1c48ff5b2089e" />
	</machine>
	<machine name="maririndx">
		<description>Super Ultra Mucchin Puripuri Cyborg Maririn DX</description>
		<year>1994</year>
		<publisher>ジャスト (JAST)</publisher>
		<rom name="maririndx_diska.mfm" size="3594134" crc="61706c9d" sha1="c6ae5412211d03e604bfc58b8d40107a4f3912fe" />
		<rom name="maririndx_diskb.hdm" size="1261568" crc="3a3180cb" sha1="5650bd10276d7f4661e7973d295a9ba4c31f3231" />
		<rom name="maririndx_diskc.hdm" size="1261568" crc="d4f2fc7d" sha1="2efc64d48f990691420eb51fb284ab585b5cf419" />
	</machine>
	<machine name="metaleyesp">
		<description>Metal Eye Special Disk</description>
		<year>1993</year>
		<publisher>エルフ (Elf)</publisher>
		<rom name="metaleye_specialdisk_a.hdm" size="1261568" crc="eb9d07a3" sha1="f76dd0b4d6afb5f5c5322a67086d1929d5abace3" />
		<rom name="metaleye_specialdisk_b.hdm" size="1261568" crc="39f2a43d" sha1="74aa7df1c78c805f16959d7a2abaf3960058824f" />
	</machine>
	<machine name="mjelegan">
		<description>Mahjong Elegance</description>
		<year>1994</year>
		<publisher>C-Class</publisher>
		<rom name="mahjong_elegance_data_disk.hdm" size="1261568" crc="90ad2350" sha1="ee96b6fb856600c2c14d3ae9bb26e334370657bb" />
		<rom name="mahjong_elegance_system_disk.hdm" size="1261568" crc="94b1cf70" sha1="16ed9732fabf0c3903fc8cc9885824e8396989d4" />
	</machine>
	<machine name="msdos50">
		<description>Nihongo MS-DOS V5.0 L10 (Kihon Kinou)</description>
		<year>1992</year>
		<publisher>富士通 (Fujitsu)</publisher>
		<rom name="ms-dos_5.0_l10.hdm" size="1261568" crc="6e20f04b" sha1="cc066ae133c86dd78ce965402b353e654fd42d81" />
	</machine>
	<machine name="msdos62">
		<description>Nihongo MS-DOS V6.2 L10 (Kihon Kinou)</description>
		<year>1994</year>
		<publisher>富士通 (Fujitsu)</publisher>
		<rom name="msdos_6.2_l10_disk1.hdm" size="1261568" crc="86d8416f" sha1="e4b3a774dc4f228c23da193367f220ab9b6b115e" />
		<rom name="msdos_6.2_l10_disk2.hdm" size="1261568" crc="9f05e26d" sha1="5be622f23f5104d66b308c50c9553bf969a20c53" />
		<rom name="msdos_6.2_l10_disk3.hdm" size="1261568" crc="43dc0a02" sha1="df853947078814263c550109f3b80fb45f428f97" />
		<rom name="msdos_6.2_l10_disk4.hdm" size="1261568" crc="68466a18" sha1="daf79b69f7aa20540cb3862c24e0663cc44f0455" />
		<rom name="msdos_6.2_l10_disk5.hdm" size="1261568" crc="7e2fe783" sha1="d40fa5eb2cf2117522e99f1682c94dcdb6434d60" />
		<rom name="msdos_6.2_l10_disk6.hdm" size="1261568" crc="ddf14f8a" sha1="efa23f7dbd27d1c51d7ca69de57a1be637265f49" />
	</machine>
	<machine name="msjong">
		<description>Mah-Saiko-Jong</description>
		<year>1992</year>
		<publisher>コスモスコンピュータ (Cosmos Computer)</publisher>
		<rom name="mah_saiko_jong-data_disk_1.hdm" size="1261568" crc="6386604e" sha1="db7f9301e06c3b0ee9c5146006b96488e00e2984" status="baddump" />
		<rom name="mah_saiko_jong-data_disk_2.hdm" size="1261568" crc="68f24009" sha1="8329e650764beee898b37dc3eac9a206d175bd5a" status="baddump" />
		<rom name="mah_saiko_jong-system_disk.hdm" size="1261568" crc="6c74c2a3" sha1="f2b42e5dec691dd89003b10b7a8f14b96359d16a" status="baddump" />
	</machine>
	<machine name="musicpro">
		<description>Music Pro-Towns (1990-05-23)</description>
		<year>1989</year>
		<publisher>Musical Plan</publisher>
		<rom name="musicpro.hdm" size="1261568" crc="0616885e" sha1="775c2db605458b29d3aa89c65c9e0b7b6c75b8b0" />
	</machine>
	<machine name="nonomura">
		<description>Nonomura Byouin no Hitobito</description>
		<year>1994</year>
		<publisher>シルキーズ (Silky's)</publisher>
		<rom name="nonomura_disk_a.hdm" size="1261568" crc="92e67249" sha1="3a5c8484b74e7f24a9d93cc90abc597bbddb2402" />
		<rom name="nonomura_disk_b.hdm" size="1261568" crc="4f7f180d" sha1="113474c38941d262cbf6144ce4d01bff82f6ae82" />
		<rom name="nonomura_disk_c.hdm" size="1261568" crc="985a0f09" sha1="80bbc3da7ca04191ab6eefdbf29e25c75807d782" />
		<rom name="nonomura_disk_d.hdm" size="1261568" crc="733bc317" sha1="d9f3a126c0d6899a9efd66fd350c01b4d3102b8b" />
		<rom name="nonomura_disk_e.hdm" size="1261568" crc="1640d960" sha1="94994e390163db4f0bbda2f36c0eddec1c0fc662" />
	</machine>
	<machine name="ohpai">
		<description>Oh! Pai</description>
		<year>1993</year>
		<publisher>シルキーズ (Silky's)</publisher>
		<rom name="ohpai_disk_a.hdm" size="1261568" crc="d08f4200" sha1="00612e8284411d946679dfe7b8fd9eafa55efd09" />
		<rom name="ohpai_disk_b.hdm" size="1261568" crc="91f57fc9" sha1="38b0a2ad47e5057534d0f3d1a2d722adb464a00e" />
		<rom name="ohpai_disk_c.hdm" size="1261568" crc="a547e1b8" sha1="a6c19e53adbddfc8691aa5fe09efbca962f6186d" />
		<rom name="ohpai_disk_d.hdm" size="1261568" crc="7fac0f31" sha1="3f35953a1cc2496c979a2fe1527b4173f3d2bdd9" />
		<rom name="ohpai_disk_e.hdm" size="1261568" crc="cb26de6b" sha1="1be5f1fff8826868f26aa90c4f9b688c1e753425" />
	</machine>
	<machine name="ponyon">
		<description>Ponyon</description>
		<year>1992</year>
		<publisher>ポニーテールソフト (Ponytail Soft)</publisher>
		<rom name="ponyon_disk_a.hdm" size="1261568" crc="ca9028a6" sha1="61c9b3854b8439c6c26d52466d8f97229e77cb12" />
		<rom name="ponyon_disk_b.hdm" size="1261568" crc="236e123b" sha1="69a22c483f7e988ca5056463e6e8d94f8ca1e916" />
		<rom name="ponyon_disk_c.hdm" size="1261568" crc="72e7fe71" sha1="6cee576fc572bd1b582e59aefc18d0d560657876" />
		<rom name="ponyon_disk_d.hdm" size="1261568" crc="83968e40" sha1="96d3b72f0c64c3b3abc0c75eb9ff6ed0d3d98f0e" />
	</machine>
	<machine name="premium2">
		<description>Premium 2</description>
		<year>1993</year>
		<publisher>シルキーズ (Silky's)</publisher>
		<rom name="premium 2 (disk 1).hdm" size="1261568" crc="1fef893a" sha1="907617847040a74ef6d92a33e9430e46d500076e" />
		<rom name="premium 2 (disk 2).hdm" size="1261568" crc="5d645e54" sha1="dd9c4c649d273b7dd0730806837bdc3c953d3272" />
		<rom name="premium 2 (disk 3).hdm" size="1261568" crc="26d67acd" sha1="70289de0b14909480769216904707116cafbcbcb" />
		<rom name="premium 2 (disk 4).hdm" size="1261568" crc="5723ce84" sha1="5948e0ba82688fe321be6b49402722768996c63e" />
	</machine>
	<machine name="premium">
		<description>Premium</description>
		<year>1992</year>
		<publisher>シルキーズ (Silky's)</publisher>
		<rom name="premium_disk_a.hdm" size="1261568" crc="d4bc45e4" sha1="37d5af4ad0a663a6a2baed4346e692e6cad5e389" />
		<rom name="premium_disk_b.hdm" size="1261568" crc="7c36fb9d" sha1="a8d4ff974c312658e52da4e051b3189487605aae" />
		<rom name="premium_disk_c.hdm" size="1261568" crc="515b0f00" sha1="05a792825262684dc45cb1cdd0946ca6a85b456b" />
		<rom name="premium_disk_d.hdm" size="1261568" crc="2ecf8e61" sha1="0ea7cbd8138280f40d48cce8d0e9ae0394e277d3" />
	</machine>
	<machine name="quizban">
		<description>Quiz Banchou</description>
		<year>1992</year>
		<publisher>アクティブ (Active)</publisher>
		<rom name="quiz_banchou_disk_a.hdm" size="1261568" crc="be4adc3b" sha1="c0550d40d21fc5ee8c07c5c6b2e5776569ac929d" />
		<rom name="quiz_banchou_disk_b.hdm" size="1261568" crc="06d5af3b" sha1="ef8cf36a5be954b1ed926695a4656b0def1445fe" />
		<rom name="quiz_banchou_disk_c.hdm" size="1261568" crc="15c2aaa3" sha1="edd328e77e74ca86aaaec41379f2883014a00e54" />
	</machine>
	<machine name="rance2hint">
		<description>Rance 2 Hint Disk</description>
		<year>1990</year>
		<publisher>アリスソフト (AliceSoft)</publisher>
		<rom name="rance2_hint_disk.hdm" size="1261568" crc="607015ae" sha1="ee2e8a41c8ef3766a325b02a15efab85299576bc" />
	</machine>
	<machine name="rance2">
		<description>Rance 2 - Hangyaku no Shoujo-tachi</description>
		<year>1990</year>
		<publisher>アリスソフト (AliceSoft)</publisher>
		<rom name="rance 2 - hangyaku no shoujotachi (disk a).hdm" size="1261568" crc="6a6e9ef0" sha1="c4fdb444e042e1e99327f1afb85e62070464b838" />
		<rom name="rance 2 - hangyaku no shoujotachi (disk b).hdm" size="1261568" crc="116f4cd2" sha1="5d1acf08309a3c33b2578d1d608d73122c2029d0" />
		<rom name="rance 2 - hangyaku no shoujotachi (disk c).hdm" size="1261568" crc="18c701c0" sha1="5379383e7acebc189712e3cb4cfc8a5dfda37f4c" />
		<rom name="rance 2 - hangyaku no shoujotachi (disk d).hdm" size="1261568" crc="4657f014" sha1="ff5ae040d04383a8c5f19cc2d665877056f4fed0" />
		<rom name="rance 2 - hangyaku no shoujotachi (disk e).hdm" size="1261568" crc="446c28e8" sha1="cdcb1c27b7a6dcaa091176e0522a28daa188b222" />
		<rom name="rance 2 - hangyaku no shoujotachi (disk f).hdm" size="1261568" crc="c5b0b6bd" sha1="76eec3eec751007c690e36045b6bcf390acb99c7" />
	</machine>
	<machine name="rance4demo">
		<description>Rance IV Demonstration Disk</description>
		<year>1993</year>
		<publisher>アリスソフト (AliceSoft)</publisher>
		<rom name="rance_4_demo.hdm" size="1261568" crc="0b1db400" sha1="e6ce4b08e7d8c602e08d9b9ccde1460f69521d7a" />
	</machine>
	<machine name="rance4opt">
		<description>Rance IV Option Disk</description>
		<year>1994</year>
		<publisher>アリスソフト (AliceSoft)</publisher>
		<rom name="rance4_option_disk_a.hdm" size="1261568" crc="cd379f22" sha1="03efcf1ee53d0d8c407fdd96fa77a426ec64ee2b" />
		<rom name="rance4_option_disk_b.hdm" size="1261568" crc="6643b519" sha1="bc62213fc3ae5137bc78288fc2513959ff92f921" />
		<rom name="rance4_option_disk_c.hdm" size="1261568" crc="c0f5f821" sha1="25a37cb934a97ebbb5cd4b33bc74b1590fb6442a" />
	</machine>
	<machine name="rance">
		<description>Rance - Hikari o Motomete</description>
		<year>1990</year>
		<publisher>アリスソフト (AliceSoft)</publisher>
		<rom name="rance - hikari o motomete (disk 1).hdm" size="1261568" crc="7b5d9e5a" sha1="72bf8559cbeeb717d642b86ffd9c490f2cd62d40" />
		<rom name="rance - hikari o motomete (disk 2).hdm" size="1261568" crc="d7363c2d" sha1="4d180fca874338f5a9731a21141e7e98eee7f87e" />
		<rom name="rance - hikari o motomete (disk 3).hdm" size="1261568" crc="0d1d959a" sha1="8a412c2e7668bd6a764b95e51a09137e373cea9c" />
		<rom name="rance - hikari o motomete (disk 4).hdm" size="1261568" crc="365710d6" sha1="42b014827762ac70edb6a7f0d235b4fc37f623a7" />
	</machine>
	<machine name="reira">
		<description>Reira</description>
		<year>1994</year>
		<publisher>シルキーズ (Silky's)</publisher>
		<rom name="reira_disk_a.hdm" size="1261568" crc="3c420487" sha1="65cb11f45707074d623d377c7ab112d077019e16" />
		<rom name="reira_disk_b.hdm" size="1261568" crc="3d80ab37" sha1="b4b4ab5baa06118122977cbdf87b094e1bfd6d55" />
		<rom name="reira_disk_c.hdm" size="1261568" crc="687e5943" sha1="1b65037760c2669df63bc431af9a0e4698c2f3c5" />
		<rom name="reira_disk_d.hdm" size="1261568" crc="9d6c169e" sha1="409d744c96c7f5ef02808f1f5c900fad5e3ca31e" />
		<rom name="reira_disk_e.hdm" size="1261568" crc="c9282dbd" sha1="dbcaafae8e924b7d4f10681dd0718ad6614fa8a8" />
		<rom name="reira_disk_f.hdm" size="1261568" crc="cfe95812" sha1="c2a384460e3542f1027e1ddb378e28aa6dbb86b1" />
	</machine>
	<machine name="sa2">
		<description>S. A. 2</description>
		<year>1994</year>
		<publisher>&lt;doujin&gt;</publisher>
		<rom name="sa2.hdm" size="1261568" crc="3e3eb153" sha1="71278cfd2f11a879cfe00c267a7de8a4a75f0100" />
	</machine>
	<machine name="sgamers3">
		<description>Sadistic Gamers Part-3 - Telephone Play</description>
		<year>1992</year>
		<publisher>&lt;doujin&gt;</publisher>
		<rom name="sadistic_gamers_part-3.hdm" size="1261568" crc="d1a470a8" sha1="6610289d5b48aa222ed8af398f7881ea14e48561" />
	</machine>
	<machine name="sgamers5">
		<description>Sadistic Gamers Part-5 - Burusera Play</description>
		<year>1994</year>
		<publisher>&lt;doujin&gt;</publisher>
		<rom name="sadistic_gamers_part-5.hdm" size="1261568" crc="a783f0a9" sha1="33d609c14afa750daa1eca3020586db14b14c7ac" />
	</machine>
	<machine name="shangrl2sp">
		<description>Shangrlia 2 Special Disk</description>
		<year>1993</year>
		<publisher>エルフ (Elf)</publisher>
		<rom name="shangrlia2_specialdisk_a.hdm" size="1261568" crc="18ba3026" sha1="05d90c7b540fe3cbe0714d914f4da879a46a679c" />
		<rom name="shangrlia2_specialdisk_b.hdm" size="1261568" crc="9c8bc65b" sha1="ccf291f71dfa6a31b9d6e06aee706775c5e5fb3f" />
	</machine>
	<machine name="shangrl">
		<description>Shangrlia</description>
		<year>1992</year>
		<publisher>エルフ (Elf)</publisher>
		<rom name="shangrlia_disk_a.hdm" size="1261568" crc="99f9e8b8" sha1="54b891ef83c3fe41b5f35c39a7aee14bd1e294ce" />
		<rom name="shangrlia_disk_b.hdm" size="1261568" crc="61cfbdf5" sha1="9c2c1a8e9ddce049490ad8e75bff6ba9203b657e" />
		<rom name="shangrlia_disk_c.hdm" size="1261568" crc="c331b6bc" sha1="c7c49a33d5a6a3c5ba19e6e224a0c55d7d7d8403" />
		<rom name="shangrlia_disk_d.hdm" size="1261568" crc="14be7807" sha1="3d77dbfdfd67c48161617cd0841cf9a54d5b2aa0" />
	</machine>
	<machine name="supdaisn">
		<description>Super Daisenryaku</description>
		<year>1990</year>
		<publisher>システムソフト (SystemSoft)</publisher>
		<rom name="super_daisenryaku_disk_1.mfm" size="3428317" crc="2daabb78" sha1="93e8be4f10fe7456a65ac2101b37d3a2bf9ab88d" />
		<rom name="super_daisenryaku_disk_2.hdm" size="1261568" crc="c7f7f2d3" sha1="394ac85565728e69c30c3cf974d4a3031267f86d" />
	</machine>
	<machine name="superdps">
		<description>Super D.P.S.</description>
		<year>1992</year>
		<publisher>アリスソフト (AliceSoft)</publisher>
		<rom name="super d.p.s. (disk 1 - system).hdm" size="1261568" crc="af618979" sha1="bfaf62b06e25f92a731a76208ab8bf69d6ac965a" />
		<rom name="super d.p.s. (disk 2 - maria to kanpan a).hdm" size="1261568" crc="5c762738" sha1="f09d00215967e015258e7bde7fb22094927d0a17" />
		<rom name="super d.p.s. (disk 3 - kaizoku kagyou a).hdm" size="1261568" crc="2728576a" sha1="406741790efc9106a7b51df07035d49d78015db2" />
		<rom name="super d.p.s. (disk 4 - kaizoku kagyou b).hdm" size="1261568" crc="dc71038d" sha1="245001245db86d8631c74c2e4378c0e7b0de97c3" />
		<rom name="super d.p.s. (disk 5 - toono no mori a).hdm" size="1261568" crc="fd1011f4" sha1="e16fa1a641eb4d9448c9bc37639896ae355e1cdd" />
		<rom name="super d.p.s. (disk 6 - toono no mori b).hdm" size="1261568" crc="78ae11c6" sha1="8410d7c8932eb94178d821d93afd6ce3f03b0c00" />
	</machine>
	<machine name="sweetang">
		<description>Sweet Angel</description>
		<year>1992</year>
		<publisher>アクティブ (Active)</publisher>
		<rom name="sweetangel1.hdm" size="1261568" crc="2d128f6f" sha1="9003bab991a3eee955b62b333787779b850b0253" />
		<rom name="sweetangel2.hdm" size="1261568" crc="e0f4017c" sha1="447c3e91b01396d249b2aad08001339148df7bf9" />
	</machine>
	<machine name="tenshi6">
		<description>Tenshi-tachi no Gogo VI - My Fair Teacher</description>
		<year>1993</year>
		<publisher>ジャスト (JAST)</publisher>
		<rom name="tenshi-tachi_no_gogo_vi_disk_a.mfm" size="3444635" crc="f7af9038" sha1="f30bfa2ba530799ff657b11957e1319e53b13c61" />
		<rom name="tenshi-tachi_no_gogo_vi_disk_b.hdm" size="1261568" crc="d5b02db8" sha1="5831cd712db760db63675caf0736f0d64377adae" />
		<rom name="tenshi-tachi_no_gogo_vi_disk_c.hdm" size="1261568" crc="fb775fed" sha1="c4cc8a6244c75035b6c40c4310cb0d497701cc84" />
	</machine>
	<machine name="tkaraoke">
		<description>Towns Karaoke V1.1L10</description>
		<year>1989</year>
		<publisher>富士通 (Fujitsu)</publisher>
		<rom name="townskaraoke.hdm" size="1261568" crc="ebf71c2f" sha1="523b8f365ba056c1e38574fbc86551b60da8d1c9" status="baddump" />
	</machine>
	<machine name="toshinto">
		<description>Toushin Toshi (1990-12-10)</description>
		<year>1991</year>
		<publisher>アリスソフト (AliceSoft)</publisher>
		<rom name="toshintoo\toushin_toshi_1990-12-07_disk_a.hdm" size="1261568" crc="a003c2f4" sha1="cc0f908542051f011d9f620ed9cb9632c60a46f1" />
		<rom name="toshintoo\toushin_toshi_1990-12-07_disk_e.hdm" size="1261568" crc="e7511be5" sha1="efda6d406431ac838acc50d18a0aa05d63782bd5" />
		<rom name="toushin_toshi_1990-12-10_disk_a.hdm" size="1261568" crc="f60163e6" sha1="07a98fe3abf515ebada8c2f29d54d6bd43ed6e7d" />
		<rom name="toushin_toshi_1990-12-10_disk_e.hdm" size="1261568" crc="5e0b762d" sha1="a256a0c8117ea84edbe66b19f3337752d31781c7" />
		<rom name="toushin_toshi_disk_b.hdm" size="1261568" crc="092e59ef" sha1="509adda6a0260e2da433af8305f6c360175fd5e2" />
		<rom name="toushin_toshi_disk_c.hdm" size="1261568" crc="c5ccec45" sha1="b8139927fbb394bb710023cabda8dbed130491ad" />
		<rom name="toushin_toshi_disk_d.hdm" size="1261568" crc="37d5d673" sha1="9297cc507996bd48c533e51ac1a7a6ecdeddfc90" />
		<rom name="toushin_toshi_disk_f.hdm" size="1261568" crc="d4d0f12e" sha1="d0d09ff3f5215797672bcb6d78b1d11a04588f1f" />
		<rom name="toushin_toshi_disk_g.hdm" size="1261568" crc="32cc36a0" sha1="db3a14ac9f389f8ba75d775023d8c7d297b7f2f3" />
	</machine>
	<machine name="trafconf">
		<description>Traffic Confusion</description>
		<year>1992</year>
		<publisher>マスターピース (Masterpiece)</publisher>
		<rom name="traffic confusion (system disk).hdm" size="1261568" crc="5b02ec79" sha1="e9223c67b18e53ce906ca65f29cf2807604fc124" />
		<rom name="traffic confusion (user disk).hdm" size="1261568" crc="a639e9b5" sha1="df1566fbbbd512e89aac75ca26664cceda3b0272" />
	</machine>
	<machine name="ushinawa">
		<description>Ushinawareta Rakuen</description>
		<year>1995</year>
		<publisher>シルキーズ (Silky's)</publisher>
		<rom name="ushinawareta rakuen (disk a).hdm" size="1261568" crc="43a4ab96" sha1="49848270471a59cbeeb9aaa0fbfee7512f06b448" />
		<rom name="ushinawareta rakuen (disk b).hdm" size="1261568" crc="2cd5aac5" sha1="f42b32087061aa4f0bfa87f712f263744233424c" />
		<rom name="ushinawareta rakuen (disk c).hdm" size="1261568" crc="45b0d218" sha1="787c8709d5173d4c63b8acc50b646ec06e64be26" />
		<rom name="ushinawareta rakuen (disk d).hdm" size="1261568" crc="af3eb06d" sha1="a4e9a37f5ae6a61eae587f4cbe0f6c0cf62e185b" />
		<rom name="ushinawareta rakuen (disk e).hdm" size="1261568" crc="1481c370" sha1="95676fc68d7e402fd9e463a5ad9d82490ac544a8" />
	</machine>
	<machine name="viewpoid">
		<description>Viewpoint Demonstration No. 1</description>
		<year>1994</year>
		<publisher>ビング (Ving)</publisher>
		<rom name="vp_demo.bin" size="1261568" crc="dba229be" sha1="f4c5fe2cad77183e91b676609050dfe9d324dc8a" />
	</machine>
	<machine name="wedderra">
		<description>Wedding Errantry - Gyakutama Ou</description>
		<year>1995</year>
		<publisher>グローサー (Grocer)</publisher>
		<rom name="wedding errantry - gyakutama ou (disk a).hdm" size="1261568" crc="aaaafda4" sha1="0f11a09a075384d9a796cdfc67a9170a17b0b3c6" />
		<rom name="wedding errantry - gyakutama ou (disk b).hdm" size="1261568" crc="edaad3bd" sha1="87cec9967eaef39ac639825e9e9677fdba4ac02b" />
		<rom name="wedding errantry - gyakutama ou (disk c).hdm" size="1261568" crc="c4c805f0" sha1="72c5a1f0ceb0aa977f007de32204149a800913ac" />
		<rom name="wedding errantry - gyakutama ou (disk d).hdm" size="1261568" crc="ebeae4bf" sha1="34d7a971381b12f3340a6991e376faeccfeadd13" />
		<rom name="wedding errantry - gyakutama ou (disk e).hdm" size="1261568" crc="62317ff3" sha1="3505721f2f256f80bd8463e1dd90662cc60e95e6" />
		<rom name="wedding errantry - gyakutama ou (disk f).hdm" size="1261568" crc="ec99238a" sha1="70eb057a67ffab0072473e37ed3fa39f81492917" />
	</machine>
	<machine name="wordwortsp">
		<description>Words Worth Special Disk</description>
		<year>1993</year>
		<publisher>エルフ (Elf)</publisher>
		<rom name="words_worth_specialdisk_a.hdm" size="1261568" crc="85052598" sha1="d9ec7d1048b5de4ca220dfe959f36fde4bfc67b2" />
		<rom name="words_worth_specialdisk_b.hdm" size="1261568" crc="9e5cf67d" sha1="15497d0d60c60644a7933379e76626aad649a1e7" />
	</machine>
	<machine name="yajipr2">
		<description>Yajiuma Pennant Race 2</description>
		<year>1990</year>
		<publisher>ビクター音楽産業 (Victor Musical Industries)</publisher>
		<rom name="yajiuma_pennant_race2_disk_a.hdm" size="1261568" crc="2c16da57" sha1="7811b2c00e59a4d89bd337567631fc9cf10a8017" />
		<rom name="yajiuma_pennant_race2_disk_b.hdm" size="1261568" crc="6a21247c" sha1="4962f3c2080700fb8c3a979692e21bbd282518eb" />
		<rom name="yajiuma_pennant_race2_disk_c.hdm" size="1261568" crc="a741b38a" sha1="571c5abee9b8b1fc67239cdd5d566ec376e674ba" />
		<rom name="yajiuma_pennant_race2_disk_d.hdm" size="1261568" crc="c02a294c" sha1="bcd8fc41d24c7967e52df29f94e22ee7255641e8" />
		<rom name="yajiuma_pennant_race2_disk_e.hdm" size="1261568" crc="ba33ff7f" sha1="43a4de18e2485426b88bfc59906ca7d2a5e55cee" />
	</machine>
</datafile>