<?xml version="1.0" encoding="utf-8"?>
<!DOCTYPE datafile PUBLIC "-//Logiqx//DTD ROM Management Datafile//EN" "http://www.logiqx.com/Dats/datafile.dtd">
<datafile>
	<header>
		<name>squale_cart</name>
		<description>Squale cartridges</description>
		<version></version>
		<author></author>
	</header>
	<machine name="sqintro">
		<description>The Squale Intro</description>
		<year>2016</year>
		<publisher>&lt;homebrew&gt;</publisher>
		<rom name="TheSqualeIntro.bin" size="65536" crc="18d1c188" sha1="63a1e1910967b7e083e9d2d1232445a8fd66daf3" />
	</machine>
	<machine name="sqtech">
		<description>Squale Technical Demo</description>
		<year>2019</year>
		<publisher>&lt;homebrew&gt;</publisher>
		<rom name="Squale_Technical_Demo.rom" size="32768" crc="d3f3115a" sha1="531e03d3f5626f76f9d501acbd96578f5928c77b" />
	</machine>
</datafile>